요일,제목,작가,장르,평점,연령등급,태그
WEDNESDAY,자기 자?,혜룡 / 영영,개그,9.72752,18세 이용가,"['개그', '2024 연재직행열차', '일상개그힐링', '결혼생활', '연애/결혼공감', '개그', '계략녀', '로맨스코미디', '성인웹툰']"
WEDNESDAY,전지적 독자 시점,UMI / 슬리피-C / 싱숑,판타지,9.94772,15세 이용가,"['판타지', '레드아이스 스튜디오', '게임', '세계관', '아포칼립스', '게임판타지', '헌터물', '이능력배틀물', '먼치킨', '구원서사', '소설원작']"
WEDNESDAY,종말이 찾아왔다,전선욱,판타지,9.72037,15세 이용가,"['판타지', '액션아포칼립스', '생존', '스릴러', '환골탈태', '아포칼립스', '힘숨찐', '좀비']"
WEDNESDAY,강제소집,남자의 이야기 / GArt,스릴러,8.77136,18세 이용가,"['스릴러', '고자극스릴러', '자극적인', '생존', '데스게임', '액션', '피카레스크', '서바이벌', '밀리터리', '성인웹툰']"
WEDNESDAY,"울어 봐, 빌어도 좋고",반지 / 솔체,순정,9.94211,18세 이용가,"['로맨스', '후회물', '고자극로맨스', '혐관로맨스', '삼각관계', '로판', '까칠남', '소설원작', '성인웹툰']"
WEDNESDAY,운명을 보는 회사원,영완(映完) / 임성욱,판타지,9.94635,전체연령가,"['판타지', '현대판타지', '현대', '오피스', '이능력', '직업드라마', '오컬트', '두뇌싸움', '소설원작']"
WEDNESDAY,쌉초의 난,쌉초,일상,9.97679,12세 이용가,"['일상', '일상개그힐링', '가벼운', '개그', '무해한', '햇살캐', '힐링', '4차원', '하이퍼리얼리즘', '동물', '걸크러시', '공감성수치']"
WEDNESDAY,일렉시드,손제호 / 제나,액션,9.84723,12세 이용가,"['액션', '이능력', '배틀', '아카데미물', '세계관', '학원물', '이능력배틀물', '인외존재', '성장드라마', '동물', '먼치킨']"
WEDNESDAY,별을 품은 소드마스터,홍대의 / 주노 / Q10,판타지,9.97429,15세 이용가,"['판타지', '중세판타지액션', '시리어스', '서양', '소년물', '용사', '액션', '성장물', '소년왕도물', '소설원작']"
WEDNESDAY,사천당가의 검신급 소가주가 되었다,PSG / 김종섭 / 화계,무협,9.89177,15세 이용가,"['무협/사극', '사이다', '소년물', '환생', '액션', '성장물', '고인물', '판무', '복수극', '먼치킨', '소설원작']"
WEDNESDAY,썰:관계주의,이삼 / 장버들,순정,9.92613,18세 이용가,"['로맨스', '고자극드라마', '나쁜남자', '하이퍼리얼리즘', '사내연애', '성인웹툰']"
WEDNESDAY,백XX,"박만사, 병장 / 펀치킥",액션,9.84818,15세 이용가,"['액션', '자극적인', '시리어스', '가족', '지금추천작', '범죄', '복수극', '먼치킨', '느와르']"
WEDNESDAY,천마는 조용히 살고싶다,기제마 / 슬우 / 김강현,무협,9.91067,15세 이용가,"['무협/사극', '동양', '환생', '무협/사극', '고인물', '동양풍판타지', '빙의', '소설원작']"
WEDNESDAY,성스러운 작가생활,이작가야,순정,9.95561,18세 이용가,"['로맨스', '요즘핫한추천작', '로맨스코미디', '직업드라마', '전남친', '까칠남', '성인웹툰']"
WEDNESDAY,미연,서녜,순정,9.97789,15세 이용가,"['로맨스', '감성적인', '소심녀', '로맨스', '타임슬립']"
WEDNESDAY,왕따가 격투기를 너무 잘함,"박만사, 김꿀빨 / 김꿀빨 / 아몬드빵",액션,9.81806,15세 이용가,"['액션', '사이다', '현대판타지', '현대', '상태창', '스포츠', '인생역전', '참교육', '성장물', '환골탈태', '격투기', '복수극', '빙의', '소설원작']"
WEDNESDAY,어느 마법사의 식당,차씨 / 스튜디오이너스 / 배드보이즈,판타지,9.96042,15세 이용가,"['판타지', '마법', '요즘핫한추천작', '힐링', '차원이동', '게임판타지', '힘숨찐', '이세계', '음식&요리', '소설원작']"
WEDNESDAY,무림서부,임팩 / 정한길 / 컵라면.,무협,9.94744,15세 이용가,"['무협/사극', '세계관', '힘숨찐', '판무', '소설원작']"
WEDNESDAY,베이비 폭군,정난 / 아원 / 이흰,순정,9.97435,전체연령가,"['로맨스', '성장로판', '서양', '환생', '왕족/귀족', '가벼운', '개그', '성장물', '러블리', '힐링', '육아물', '로판', '소설원작']"
WEDNESDAY,중간에서 만나,조흰 / 윤김,순정,9.95276,15세 이용가,"['로맨스', '리얼로맨스', '미친작화', '햇살캐', '폭스남', '로맨스코미디', '청춘로맨스', '연상연하', '걸크러시']"
WEDNESDAY,나쁜사람,둠스,액션,9.70296,15세 이용가,"['액션', '사이다', '학원액션', '참교육', '가벼운', '개그', '격투기', '학원로맨스', '학원물', '느와르']"
WEDNESDAY,마음의소리(였던 것),조석,개그,9.95658,전체연령가,"['개그', '열혈병맛개그', '공감', '병맛', '가벼운', '개그', '요즘핫한추천작', '지금추천작', '4차원']"
WEDNESDAY,어린이집 다니는 구나,구나,일상,9.97624,전체연령가,"['일상', '공감', '무해한', '러블리', '힐링', '직업드라마', '육아물', '하이퍼리얼리즘']"
WEDNESDAY,흑사,안경알,무협,9.9615,15세 이용가,"['무협/사극', '정통무협', '시리어스', '동양', '시대물', '액션', '복수극', '먼치킨', '걸크러시']"
WEDNESDAY,당골,남승우 / 김교,스릴러,9.94636,15세 이용가,"['스릴러', '동양', '미스터리', '스릴러', '공포', '오컬트', '빙의', '사이비종교']"
WEDNESDAY,밥먹고가라,김해마 / DUBU / 고두열,판타지,9.90278,15세 이용가,"['판타지', '액션판타지', '이능력', '크리처', '이세계요리', '고인물', '인외존재', '동물', '먼치킨', '소설원작']"
WEDNESDAY,명품관의 진상,소리쳐,드라마,9.96786,12세 이용가,"['드라마', '2024 연재직행열차', '드라마', '직업드라마', '하이퍼리얼리즘', '성장드라마', '동물']"
WEDNESDAY,건곤불이기,박만사/노경찬 / 형1978 / 임준욱,무협,9.90824,15세 이용가,"['무협/사극', '정통무협', '시리어스', '동양', '모험', '액션', '성장물', '소설원작']"
WEDNESDAY,이기적 연애론,교교박,순정,9.93668,12세 이용가,"['로맨스', '리얼로맨스', '감성적인', '청춘', '무심남', '계약연애', '전남친', '청춘로맨스', '오피스로맨스', '까칠남']"
WEDNESDAY,천재는 평범하게 살기로 했더,비단가리비 / 아티 / 자손e,드라마,9.95532,12세 이용가,"['드라마', '감성적인', '과거', '가족', '무해한', '타임슬립', '힐링', '회귀', '소설원작']"
WEDNESDAY,강철을 먹는 플레이어,감독9 / 지점장,액션,9.80123,15세 이용가,"['액션', '현대판타지', '상태창', '크리처', '고인물', '밀리터리', '게임판타지', '회귀', '힘숨찐', '헌터물', '이능력배틀물', '인외존재', '소설원작']"
WEDNESDAY,빌드업,911,스포츠,9.85065,12세 이용가,"['스포츠', '2019 지상최대공모전', '축구', '소년왕도물', '스포츠성장']"
WEDNESDAY,겨울잠,임레이스,스릴러,9.88153,15세 이용가,"['스릴러', '독자PICK', '생존', '공포']"
WEDNESDAY,잠겨죽어도,쟁눠 / 성실,스릴러,9.95354,15세 이용가,"['스릴러', '까칠녀', '고자극스릴러', '시리어스', '2022 지상최대공모전', '집착물', '후회물', '계략녀', '인외존재', '서스펜스']"
WEDNESDAY,첩자의 마교생활,대은호 / DALGON,무협,9.79479,15세 이용가,"['무협/사극', '액션', '무협/사극', '먼치킨', '소설원작']"
WEDNESDAY,엔드리스 서머,솔방울 / 해유 / 달로,순정,9.93686,15세 이용가,"['로맨스', '리얼로맨스', '감성적인', '설렘폭발', '현대', '능력남', '사연녀', '다정남', '재회', '감성드라마', '소설원작']"
WEDNESDAY,내 분신이 거물이 되어간다,LICO / 한사 / 실험샘플,판타지,9.89352,15세 이용가,"['판타지', '액션판타지', '게임', '이능력', '배틀', '소년물', '액션', '판타지', '소설원작']"
WEDNESDAY,김영하 단편선,시,드라마,9.92171,15세 이용가,"['드라마', '명작', '고자극드라마', '감성적인', '자극적인', '치명적인', '옴니버스', '결혼생활', '첫사랑', '혐관', '사연남', '계략남', '집착남', '나쁜남자', '짝사랑녀', '로맨스', '일상', '연애/결혼공감', '사연녀', '미친작화', '흑막녀', '범죄', '하이퍼리얼리즘', '재회', '삼각관계', '서스펜스']"
WEDNESDAY,"시바, 만만치 않다",상금,일상,9.96685,전체연령가,"['일상', '2024 연재직행열차', '일상개그힐링', '공감', '감성', '가벼운', '무해한', '러블리', '힐링', '동물']"
WEDNESDAY,조선왕조실톡,무적핑크,개그,9.82393,전체연령가,['개그']
WEDNESDAY,칼부림,고일권,무협,9.91935,12세 이용가,"['무협/사극', '시리어스', '과거', '동양', '시대물', '전쟁', '정치', '액션', '성장물', '역사물', '판무', '복수극']"
WEDNESDAY,대장전,신형욱 / 이광수,액션,9.90038,15세 이용가,"['액션', '학원액션', '열혈', '자극적인', '세계관', '블루스트링', '먼치킨', '느와르']"
WEDNESDAY,신수 유치원,여눅 / 밈바 / 글맛,판타지,9.5255,전체연령가,"['판타지', '무해한', '힐링', '동물', '소설원작']"
WEDNESDAY,마른 가지에 바람처럼,화음 / 달새울,순정,9.97012,12세 이용가,"['로맨스', '설렘폭발', '서양', '이능력', '왕족/귀족', '공식미남', '순정남', '공식미녀', '외유내강녀', '소심녀', '철벽녀', '능력녀', '직진남', '이세계', '로판', '구원서사', '소설원작']"
WEDNESDAY,두 번 사는 프로듀서,여로운 / 왕십리글쟁이,판타지,9.90071,12세 이용가,"['판타지', '사이다', '인생역전', '직업드라마', '회귀', '인플루언서', '연예계', '복수극', '소설원작']"
WEDNESDAY,귀령,가나라 / 소희 / 월하야담,드라마,9.96134,15세 이용가,"['드라마', '공포', '오컬트', '동양풍판타지', '소설원작']"
WEDNESDAY,마님이네 미국 시골집 이야기,마님,일상,9.01416,전체연령가,"['일상', '공감', '결혼생활', '가족', '연애/결혼공감', '가벼운', '러블리', '힐링', '육아물']"
WEDNESDAY,결혼은 당신 형과,서각 / 정다혜 / 하윤미,순정,9.75893,15세 이용가,"['로맨스', '현대', '재벌녀', '로맨스', '드라마', '재벌', '타임슬립', '계약연애', '복수극', '소설원작']"
WEDNESDAY,황후를 훔친 이는 누구인가,핀쿠 / 뮬리 / Lee jihye,순정,9.94976,15세 이용가,"['로맨스', '치명적인', '서양', '이능력', '왕족/귀족', '집착남', '공식미녀', '능력녀', '판타지', '직진남', '복수극', '로판', '소설원작']"
WEDNESDAY,남제,"윤영일, MAJOR / 윤영일",액션,9.83134,15세 이용가,['액션']
WEDNESDAY,계약 결혼 종료,꾸리 / Lee jihye,순정,9.87338,15세 이용가,"['로맨스', '설렘폭발', '결혼생활', '첫사랑', '소꿉친구', '계약연애', '친구>연인', '선결혼후연애', '로판', '소설원작']"
WEDNESDAY,뽀대작렬,상하,순정,9.9504,12세 이용가,"['로맨스', '감성적인', '청춘', '명랑녀', '가벼운', '성장물', '무해한', '러블리', '힐링', '회귀', '하이틴', '학원로맨스', '학원물', '청춘로맨스', '성장드라마', '레트로', '감성드라마']"
WEDNESDAY,호호와 거난이 무삭제판,호호,일상,9.89824,15세 이용가,"['일상', '러브코미디', '일상개그힐링', '리얼로맨스', '공감', '일상', '연애/결혼공감', '가벼운', '4컷만화']"
WEDNESDAY,품위증명,적록 / 염밀,드라마,9.90509,15세 이용가,"['드라마', '2024 지상최대공모전', '시리어스', '현대', '하이틴', '학원물']"
WEDNESDAY,언덕 위의 제임스,쿠당탕,개그,9.91643,전체연령가,"['개그', '열혈병맛개그', '블랙코미디', '옴니버스', '병맛', '가벼운']"
WEDNESDAY,그랜드 피날레,Unreal,판타지,9.95115,15세 이용가,['판타지']
WEDNESDAY,판타지 여동생!,유누,판타지,9.84516,전체연령가,"['판타지', '액션판타지', '마법', '크리처', '가족', '가벼운', '던전물', '개그', '게임판타지']"
WEDNESDAY,닥터앤닥터 병원일기,닥터베르,일상,9.34949,전체연령가,"['일상', '감성적인', '눈물샘자극', '육아물', '의학드라마', '인외존재', '동물']"
WEDNESDAY,수인 보호소에서 남주를 입양해 버렸다,유지별이 / 설단희,순정,9.96863,전체연령가,"['로맨스', '순진남', '성장로판', '악역이주인공', '가족', '왕족/귀족', '순정남', '악녀', '성장물', '러블리', '힐링', '인외존재', '빙의', '동물', '로판', '소설원작']"
WEDNESDAY,소방관,WAN.Z / 문동주,드라마,9.93476,전체연령가,"['드라마', '레드아이스 스튜디오', '현대', '생존', '드라마&영화 원작웹툰', '직업드라마']"
WEDNESDAY,신입은 낮져밤이,다심 / 고기감자 / 블랑드,순정,9.90855,전체연령가,"['로맨스', '낮져밤이', '폭스남', '로맨스코미디', '오피스로맨스', '사내연애', '소설원작']"
WEDNESDAY,발할라 사가,현가 / 트리플라인 / 취룡,판타지,9.92527,15세 이용가,"['판타지', '레드아이스 스튜디오', '하렘', '액션판타지', '판타지개그', '신화', '크리처', '액션', '게임판타지', '소년왕도물', '먼치킨', '소설원작']"
WEDNESDAY,정점의 별,식사백수,액션,9.47447,15세 이용가,"['액션', 'SF액션', '무협/사극', '이능력배틀물', '먼치킨']"
WEDNESDAY,나의 짭사랑,이일공,순정,9.95652,전체연령가,"['로맨스', '짝사랑녀', '아이돌', '짝사랑', '학원로맨스']"
WEDNESDAY,그림자의 밤,융,판타지,9.97377,15세 이용가,"['판타지', '최강자전', '2020 최강자전']"
WEDNESDAY,급식아빠,김재한,액션,9.7382,15세 이용가,"['액션', '사이다', '학원액션', '열혈', '소년물', '참교육', '가벼운', '학원물', '빙의']"
WEDNESDAY,전력고백,손차양 / 냥지,순정,9.91957,전체연령가,"['로맨스', '하이틴', '학원로맨스', '청춘로맨스']"
WEDNESDAY,미래의 골동품 가게,구아진,스릴러,9.97566,15세 이용가,"['스릴러', '오컬트판타지', '시리어스', '현대', '동양', '신화', '크리처', '오컬트', '동양풍판타지', '서스펜스', '괴담']"
WEDNESDAY,영웅&마왕&악당,피빈 / 모모 / 무영자,판타지,9.94946,12세 이용가,"['판타지', '판타지개그', '서양', '마법', '악역이주인공', '용사', '중년', '가벼운', '인외존재', '까칠남', '소설원작']"
WEDNESDAY,좀비상조,제피가루 / 모아이,스릴러,9.91842,15세 이용가,"['스릴러', '미친작화', '아포칼립스', '좀비']"
WEDNESDAY,모닥불 친구들,다롱다리,스릴러,9.94384,15세 이용가,"['스릴러', '생존', '가족', '판타지', '드라마', '미스터리', '스릴러', '세계관', '이세계', '인외존재', '동물']"
WEDNESDAY,연애일기,Hanna,순정,9.94748,15세 이용가,"['로맨스', '리얼로맨스', '감성적인', '청춘', '성장물', '무해한', '햇살캐', '다정남', '짝사랑', '힐링', '청춘로맨스', '친구>연인', '캠퍼스로맨스']"
WEDNESDAY,망겜으로 기사회생,철무장미 / 한징,판타지,9.9206,15세 이용가,"['판타지', '액션판타지', '동양', '신화', '게임', '상태창', '생존', '모험', '2023 지상최대공모전', '고인물', '차원이동', '게임판타지', '빙의', '먼치킨']"
WEDNESDAY,동반입대,지한 / 찹쌀떡,드라마,9.84972,15세 이용가,"['드라마', '2024 연재직행열차', '공감', '현대', '우정', '드라마', '밀리터리', '성장드라마']"
WEDNESDAY,말숙이를 부탁해,임규현,개그,9.94262,전체연령가,"['개그', '판타지개그', '크리처', '일상', '가벼운', '2022 지상최대공모전', '러블리', '힐링', '육아물', '인외존재']"
WEDNESDAY,짝사랑은 결혼으로 끝나지 않는다,치커리 / 팀 라보 / 누오바,순정,9.93448,12세 이용가,"['로맨스', '서양', '결혼생활', '왕족/귀족', '공식미남', '무심남', '짝사랑녀', '순진녀', '선결혼후연애', '로판', '소설원작']"
WEDNESDAY,유사품에 주의하세요,초롱이,순정,9.82048,전체연령가,"['로맨스', '순진남', '러브코미디', '연예계로맨스', '라이벌', '사연남', '대형견남', '로맨틱코미디', '개그', '아이돌', '비밀연애', '짝사랑', '친구>연인', '캠퍼스로맨스', '연예계']"
WEDNESDAY,3인분,사즈,드라마,9.85464,15세 이용가,"['드라마', '고자극드라마', '자극적인', '계략남', '능력녀', '피카레스크', '계략녀', '인플루언서']"
WEDNESDAY,연기깡패,예도,드라마,9.93457,15세 이용가,"['드라마', '2023 지상최대공모전', '개그']"
WEDNESDAY,신입사원은 마왕,하우니 / 숩니,판타지,9.91251,12세 이용가,['판타지']
WEDNESDAY,더러운 것 가운데에서,함돌 / 진서,순정,9.90132,15세 이용가,"['로맨스', '유혹남', '계략남', '로맨스', '드라마', '로판', '구원서사', '소설원작']"
WEDNESDAY,멸종위기종인간,사하라,판타지,9.4627,15세 이용가,"['판타지', '자극적인', '절망적인', '현대', '생존', '이능력', '크리처', '2021 지상최대공모전', '아포칼립스', '이능력배틀물', '인외존재']"
WEDNESDAY,아이스크림 소년,은풀,순정,9.9245,15세 이용가,"['로맨스', '햇살녀', '학원로맨스', '까칠남']"
WEDNESDAY,나태한 마왕은 신과 싸우기로 결심한다.,백창훈,액션,9.81948,15세 이용가,"['액션', '독자PICK', '중세판타지액션', '중세', '서양', '마법', '용사', '빌런', '세계관', '인외존재', '먼치킨', '다크판타지']"
WEDNESDAY,생존버스,Red,스릴러,9.94576,15세 이용가,"['스릴러', '고자극스릴러', '시리어스', '서양', '생존', '미스터리', '스릴러', '해외작품', '후회물', '오컬트', '하이틴', '인외존재']"
WEDNESDAY,줄리에게,제야,순정,9.77862,전체연령가,['로맨스']
WEDNESDAY,별과 사슬이 뜨는 섬,어패류메기 / 훌리,판타지,9.83591,15세 이용가,"['판타지', '액션판타지', '학원액션', '배틀', '소년물', '판타지', '성장물', '이능력배틀물', '소년왕도물']"
WEDNESDAY,고백하면 끝나는 만화,윤딘,순정,9.9368,전체연령가,"['로맨스', '청춘', '무심남', '명랑녀', '짝사랑녀', '순진녀', '로맨틱코미디', '가벼운', '개그', '무해한', '러블리', '짝사랑', '4차원', '하이틴', '학원로맨스', '청춘로맨스']"
WEDNESDAY,"49번 남았습니다, 스승님!",김공작 / 코양희,순정,9.95827,전체연령가,"['로맨스', '동양풍로맨스', '동양', '왕족/귀족', '집착남', '나쁜남자', '능력녀', '회귀', '걸크러시', '소설원작']"
WEDNESDAY,아는 사람,각설이,일상,9.87573,전체연령가,"['일상', '감성적인', '공감', '현대', '옴니버스', '성장물', '힐링', '성장드라마', '감성드라마']"
WEDNESDAY,법법궤궤,고사리박사,판타지,9.9555,15세 이용가,"['판타지', '드라마', '스릴러', '지금추천작', '성장물', '후회물', '세계관', '아포칼립스', '힘숨찐', '학원물', '다크판타지']"
WEDNESDAY,메리 배드 19세,파로메,순정,9.46046,12세 이용가,"['로맨스', '인소감성', '하이틴', '학원로맨스']"
WEDNESDAY,4년 6개월을 잃은 여자,두지,순정,9.89081,12세 이용가,"['로맨스', '감성적인', '미래', '로맨틱코미디', '로맨스', '판타지', '드라마', '타임슬립', '로맨스코미디', '성장드라마', '감성드라마']"
WEDNESDAY,우리의 연애일지,오늘,순정,9.54456,전체연령가,"['로맨스', '순진남', '리얼로맨스', '감성적인', '공감', '캠퍼스', '청춘', '평범남', '연하남', '연상녀', '힐링', '청춘로맨스', '캠퍼스로맨스', '연상연하', '걸크러시']"
WEDNESDAY,레베카의 기도,주은,드라마,9.80459,15세 이용가,"['드라마', '고자극드라마', '자극적인', '서양', '시대물', '자본주의', '라이벌', '혐관', '외유내강녀', '능력녀', '인생역전', '역사물', '계략녀', '구원서사']"
WEDNESDAY,저주인형 김명자,이개 / 집손이,드라마,9.93152,전체연령가,"['드라마', '눈물샘자극', '무해한', '러블리', '힐링', '오컬트', '인외존재', '서스펜스', '성장드라마', '복수극']"
WEDNESDAY,그때 그 채영민,문홍조,드라마,9.88874,전체연령가,"['드라마', '감성적인', '공감', '현대', '청춘', '로맨스', '성장물', '힐링', '성장드라마']"
WEDNESDAY,데드포인트,마요락,스포츠,9.87477,전체연령가,"['스포츠', '소년물', '미친작화', '동아리', '최강자전', '하이틴', '학원물', '성장드라마', '스포츠성장']"
WEDNESDAY,충남기행,헤윰,드라마,9.91352,전체연령가,['드라마']
WEDNESDAY,방구석 재민이,뽈쟁이,개그,9.91446,전체연령가,"['개그', '열혈병맛개그', '공감', '게임', '생존', '일상', '개그']"
SATURDAY,시든 꽃에 눈물을,개,순정,9.96974,18세 이용가,"['로맨스', '자극적인', '치명적인', '헌신남', '유혹남', '계략남', '연하남', '외유내강녀', '무심녀', '미친작화', '폭스남', '집착물', '후회물', '고자극로맨스', '직진남', '연상연하', '성인웹툰']"
SATURDAY,아수라,류기운 / 문정후,판타지,9.93688,15세 이용가,"['판타지', '동양', '모험', '액션', '무협/사극', '성장물', '동양풍판타지', '인외존재', '소년왕도물', '복수극', '먼치킨']"
SATURDAY,마도전생기,포스스튜디오 / codezero,무협,9.91016,15세 이용가,"['무협/사극', '전쟁', '악역이주인공', '액션', '지금추천작', '성장물', '회귀', '힘숨찐', '판무', '두뇌싸움', '먼치킨', '소설원작']"
SATURDAY,개꿈,신송림,드라마,9.9155,18세 이용가,"['드라마', '고자극드라마', '자극적인', '공감', '자본주의', '재벌녀', '재벌', '고자극로맨스', '하이퍼리얼리즘', '인플루언서', '삼각관계', '공감성수치', '성인웹툰']"
SATURDAY,킬러 배드로,김정현 / 임리나,액션,9.94839,15세 이용가,"['액션', '시리어스', '액션', '미친작화', '범죄', '고인물', '격투기', '학원물', '복수극', '먼치킨', '느와르']"
SATURDAY,호랑이형님,이상규,판타지,9.90545,15세 이용가,"['판타지', '명작', '세계관', '동양풍판타지', '판무', '동물']"
SATURDAY,절대군림,박시대 / 장영훈,무협,9.93647,15세 이용가,"['무협/사극', '정통무협', '동양', '배틀', '능글남', '미친작화', '무협/사극', '고인물', '힘숨찐', '먼치킨', '소설원작']"
SATURDAY,99강화나무몽둥이,홍실 / 지페리,판타지,9.71873,15세 이용가,"['판타지', '사이다', '게임', '유혹녀', '명랑녀', '능력녀', '병맛', '개그', '아이돌', '고인물', '차원이동', '게임판타지', '힘숨찐', '헌터물', '인외존재', '먼치킨']"
SATURDAY,아홉수 우리들,수박양,순정,9.96752,전체연령가,"['로맨스', '리얼로맨스', '공감', '현대', '청춘', '능력남', '아방녀', '소심녀', '능력녀', '다정남', '하이퍼리얼리즘', '감성드라마']"
SATURDAY,세레나,정이나,순정,9.95971,15세 이용가,"['로맨스', '결혼생활', '악역이주인공', '왕족/귀족', '공식미남', '무심남', '능력남', '대형견남', '순정남', '공식미녀', '군림녀', '능력녀', '사연녀', '고자극로맨스', '계략녀', '혐관로맨스', '직진남', '선결혼후연애', '걸크러시', '까칠남']"
SATURDAY,킬러경찰,이제환 / 이윤균,액션,9.77225,15세 이용가,"['액션', '현대', '동양', '환생', '참교육', '지금추천작', '복수극', '먼치킨', '느와르']"
SATURDAY,오늘만 사는 기사,"이현민, 가나라 / 이안 / 소울풍",판타지,9.97464,15세 이용가,"['판타지', '액션판타지', '시리어스', '용사', '액션', '요즘핫한추천작', '성장물', '고인물', '회귀', '인외존재', '먼치킨', '소설원작']"
SATURDAY,망나니 소교주로 환생했다,재무 / 전마두 / 대은호,무협,9.87176,15세 이용가,"['무협/사극', '레드아이스 스튜디오', '과거', '환생', '타임슬립', '세계관', '오컬트', '동양풍판타지', '판무', '먼치킨', '소설원작']"
SATURDAY,나를 바꿔줘,이지호 / 호띠,드라마,9.89923,15세 이용가,"['드라마', '고자극드라마', '자극적인', '사회고발', '악역이주인공', '빌런', '판타지', '참교육', '피카레스크', '복수극', '걸크러시']"
SATURDAY,멸망한 가문의 회귀자,양평 / 성구 / Painkiller,판타지,9.87721,15세 이용가,"['판타지', '중세판타지액션', '서양', '가족', '왕족/귀족', '성장물', '고인물', '회귀', '먼치킨', '소설원작']"
SATURDAY,비질란테 2부,CRG / 김규삼,드라마,9.94228,15세 이용가,"['드라마', '사이다', '시리어스', '사회고발', '액션', '참교육', '피카레스크', '범죄', '다크히어로']"
SATURDAY,신입사원 강 회장,승승이 / 선 / 산경(山景),판타지,9.92898,전체연령가,"['판타지', '사이다', '현대판타지', '현대', '오피스', '청춘', '고인물', '재벌', '직업드라마', '빙의', '두뇌싸움', '소설원작']"
SATURDAY,디펜스 게임의 폭군이 되었다,하정 / 굥 / 류은가람,판타지,9.95956,12세 이용가,"['판타지', '게임', '상태창', '고인물', '차원이동', '게임판타지', '헌터물', '이능력배틀물', '인외존재', '다크히어로', '두뇌싸움', '먼치킨', '다크판타지', '소설원작']"
SATURDAY,스터디그룹,신형욱 / 유승연,액션,9.95743,15세 이용가,"['액션', '블루스트링', '힘숨찐', '학원물']"
SATURDAY,나이트런,김성민,판타지,9.91348,15세 이용가,"['판타지', '절망적인', '전쟁', '정치', '크리처', '세계관', '아포칼립스', 'sf', '먼치킨', '다크판타지']"
SATURDAY,황제의 검,레드훅 / 요그소 / 임무성,무협,9.7778,전체연령가,"['무협/사극', '서양', '동양', '신화', '전쟁', '크리처', '액션', '참교육', '성장물', '판무', '이세계', '인외존재', '먼치킨', '소설원작']"
SATURDAY,장기연애,여은 / 꾼,순정,9.71681,15세 이용가,"['로맨스', '리얼로맨스', '로맨스', '연애/결혼공감']"
SATURDAY,왕의 힘으로 회귀한다,재키레이 / KIM / 안소설,판타지,9.64469,15세 이용가,"['판타지', '레드아이스 스튜디오', '액션판타지', '상태창', '이능력', '배틀', '미친작화', '던전물', '회귀', '헌터물', '이능력배틀물', '먼치킨', '소설원작']"
SATURDAY,야매 힐러로 사는 법,14획 / 나옌 / 새송이덮밥,판타지,9.95772,전체연령가,"['판타지', '액션판타지', '서양', '상태창', '마법', '크리처', '용사', '차원이동', '헌터물', '이세계', '소설원작']"
SATURDAY,플레이어가 과거를 숨김,개차반 / 비누끼 / 베데스,판타지,9.95605,12세 이용가,"['판타지', '게임판타지', '빙의', '먼치킨', '공감성수치', '소설원작']"
SATURDAY,사랑하는 나의 억압자,LICO / 서사희,순정,9.97114,15세 이용가,"['로맨스', '자극적인', '서양', '왕족/귀족', '사연남', '집착남', '나쁜남자', '사연녀', '집착물', '후회물', '고자극로맨스', '궁중로맨스', '혐관로맨스', '로판', '까칠남', '소설원작']"
SATURDAY,멸망한 세계의 취사병,웨스트 / 조돌 / 마일드커피,판타지,9.87986,15세 이용가,"['판타지', '사이다', '상태창', '이능력', '크리처', '아포칼립스', '밀리터리', '헌터물', '인외존재', '음식&요리', '소설원작']"
SATURDAY,미스 펜들턴,꼬막 / 유혜민,순정,9.9811,전체연령가,"['로맨스', '성장로판', '미친작화', '로판', '소설원작']"
SATURDAY,호붕빵 아저씨,정다운,드라마,9.97654,전체연령가,"['드라마', '일상개그힐링', '감성적인', '공감', '우정', '가족', '대형견남', '감성', '로맨스', '일상', '짐승남', '가벼운', '성장물', '무해한', '햇살캐', '러블리', '힐링', '음식&요리', '성장드라마', '동물', '감성드라마']"
SATURDAY,윌유메리미,마인드C,일상,9.91463,전체연령가,"['일상', '공감', '결혼생활', '가족', '연애/결혼공감', '가벼운', '개그', '무해한', '러블리', '힐링']"
SATURDAY,마왕,박주연 / 손영식 / 요도 김남재,무협,9.79387,15세 이용가,"['무협/사극', '정통무협', '동양', '우정', '액션', '세계관', '동양풍판타지', '판무', '복수극', '먼치킨', '소설원작']"
SATURDAY,오사카 환상선,혀나현,드라마,9.93833,전체연령가,"['드라마', '시대물', '우정', '가족', '감성', '성장드라마', '구원서사']"
SATURDAY,나를 미워하던 남편이 기억을 잃었다,카레만두 / 액고 / 시세Sisse,순정,9.96962,15세 이용가,"['로맨스', '결혼생활', '순정남', '집착남', '공식미녀', '소심녀', '철벽녀', '사연녀', '다정남', '집착물', '후회물', '직진남', '선결혼후연애', '로판', '소설원작']"
SATURDAY,데이워커,MUTE,액션,9.87317,18세 이용가,"['액션', '고자극드라마', '자극적인', '시리어스', '범죄', '인외존재', '뱀파이어', '복수극', '걸크러시', '느와르', '성인웹툰']"
SATURDAY,대충 캠퍼스로맨스임,공철진,순정,9.95132,15세 이용가,"['로맨스', '리얼로맨스', '공감', '캠퍼스', '청춘', '유혹남', '능글남', '순정남', '명랑녀', '로맨틱코미디', '가벼운', '다정남', '직진남', '청춘로맨스', '캠퍼스로맨스', '삼각관계']"
SATURDAY,홍시는 날 좋아해!,강하다 / 웃는해,순정,9.96451,전체연령가,"['로맨스', '설렘폭발', '캠퍼스', '청춘', '공식미남', '연하남', '연상녀', '평범녀', '철벽녀', '햇살캐', '학원로맨스', '청춘로맨스', '까칠남']"
SATURDAY,K학원 생존기,양아최,일상,9.94499,전체연령가,"['일상', '일상개그힐링', '공감', '가벼운', '힐링', '직업드라마', '하이퍼리얼리즘', '학원물']"
SATURDAY,특성 쌓는 김전사,LICO / 스튜디오 이너스 / 산호초,판타지,9.843,15세 이용가,"['판타지', '액션판타지', '게임', '배틀', '모험', '용사', '세계관', '빙의', '소설원작']"
SATURDAY,어글리후드,미애,판타지,9.97523,15세 이용가,"['판타지', '이능력', '배틀', '우정', '가족', '세계관', '최강자전', '2017 최강자전', '힘숨찐', 'sf', '이능력배틀물', '사이비종교', '먼치킨', '걸크러시']"
SATURDAY,집구석 절대자,"판테라,리원 / 비혠 / 아라만",판타지,9.86596,전체연령가,"['판타지', '소설원작']"
SATURDAY,말없는 전학생,이유정,액션,8.50414,15세 이용가,"['액션', '사이다', '학원액션', '소년물', '액션', '학원물']"
SATURDAY,스쿨 오브 스트릿,슬랭킷,드라마,9.97338,12세 이용가,"['드라마', '예술', '소년물', '라이벌', '청춘', '스포츠', '성장물', '학원물', '성장드라마', '소년왕도물', '스포츠성장']"
SATURDAY,내 호수에 가둔 인어,밋츄 / 알뽀비 / 치파랑,순정,9.97263,15세 이용가,"['로맨스', '집착녀', '유혹남', '후회남', '능력녀', '인외존재', '로판', '소설원작']"
SATURDAY,회귀자의 은퇴 라이프,서희 / IN사 / 간짜장,판타지,9.91925,15세 이용가,"['판타지', '사이다', '현대판타지', '크리처', '고인물', '힐링', '차원이동', '회귀', '헌터물', '이세계', '인외존재', '소설원작']"
SATURDAY,세상에 나쁜 용사는 없다,유령두부 / 한소,판타지,9.87957,15세 이용가,"['판타지', '액션판타지', '판타지개그', '열혈', '상태창', '소년물', '용사', '액션', '판타지', '미친작화', '게임판타지', '소설원작']"
SATURDAY,우리 길드 아이돌,꼬보,순정,9.97046,15세 이용가,"['로맨스', '설렘폭발', '게임', '첫사랑', '청춘', '사연남', '로맨스', '드라마', '사연녀', '성장물', '아이돌']"
SATURDAY,이세계 강셰프,양평 / 이진수 / 바나바다,판타지,9.91394,12세 이용가,"['판타지', '상태창', '이능력', '크리처', '이세계요리', '가벼운', '성장물', '힐링', '이세계', '인외존재', '음식&요리', '소설원작']"
SATURDAY,"킬러와 여고생, 그리고 개",릴리리하,드라마,9.76688,15세 이용가,"['드라마', '독자PICK', '자극적인', '치명적인', '걸크러시', '구원서사', '느와르']"
SATURDAY,살아생전,지도,드라마,9.97592,15세 이용가,"['드라마', '감성적인', '눈물샘자극', '공감', '동양', '신화', '우정', '가족', '환생', '감성', '드라마', '2023 지상최대공모전', '힐링', '음식&요리', '감성드라마']"
SATURDAY,나의 구원이,이수이,드라마,9.94742,12세 이용가,"['드라마', '우정', '성장드라마', '레트로', '감성드라마']"
SATURDAY,악마와 함께 하는 일상,국중록 / 설반묘,판타지,9.8944,15세 이용가,"['판타지', '현대판타지', '오컬트판타지', '현대', '힘숨찐', '인외존재', '소설원작']"
SATURDAY,유령의 노래,김문경,스릴러,9.96683,15세 이용가,"['스릴러', '고자극스릴러', '시리어스', '서양', '미스터리', '미친작화', '범죄', '후회물', '서스펜스']"
SATURDAY,괴양이,붉은코끼리,개그,9.83695,15세 이용가,"['개그', '열혈병맛개그', '자극적인', '공감', '현대', '병맛', '가벼운', '4차원', '인외존재', '동물', '구원서사']"
SATURDAY,토끼 여주의 새엄마가 되었다,박카린 / 시세Sisse,순정,9.96732,전체연령가,"['로맨스', '결혼생활', '악역이주인공', '가족', '명랑녀', '짐승남', '악녀', '가벼운', '무해한', '러블리', '다정남', '힐링', '육아물', '인외존재', '빙의', '동물', '로판', '소설원작']"
SATURDAY,클리셰클럽,하이볼,개그,9.91372,12세 이용가,"['개그', '2024 지상최대공모전', '일상개그힐링', '열혈병맛개그', '블랙코미디', '우정', '청춘', '병맛', '개그', '회귀', '학원물', '이세계']"
SATURDAY,조은학생,이한솔,순정,9.82679,15세 이용가,"['로맨스', '까칠녀', '순진남', '러브코미디', '설렘폭발', '현대', '햇살남', '대형견남', '순정남', '짝사랑녀', '철벽녀', '로맨틱코미디', '로맨스', '일상', '학원물', '학원로맨스', '하이틴', '청춘로맨스']"
SATURDAY,나만 최강 초월자,에토 슌지 / 츠지다 켄타,액션,9.56388,15세 이용가,"['액션', '현대판타지', '액션판타지', '현대', '마법', '아카데미물', '던전물', '해외작품', '헌터물', '빙의', '먼치킨']"
SATURDAY,요괴괴괴,필원 / 스튜디오호호이,판타지,9.911,15세 이용가,"['판타지', '오컬트판타지', '동양', '환생', '미스터리', '공포', '육아물', '오컬트', '동양풍판타지', '복수극', '괴담']"
SATURDAY,우리집에 온 여우들,김현,순정,9.91464,전체연령가,"['로맨스', '러브코미디', '감성적인', '설렘폭발', '우정', '가족', '첫사랑', '청춘', '중년', '사연남', '햇살남', '능글남', '계략남', '얼빠녀', '짝사랑녀', '평범녀', '로맨틱코미디', '로맨스', '일상', '인소감성', '하이틴', '학원로맨스']"
SATURDAY,더 캐슬 - 귀안의 신부,혜용 / 피칸 / 진소예,순정,9.95388,15세 이용가,"['로맨스', '동양풍로맨스', '현대', '동양', '이능력', '결혼생활', '왕족/귀족', '능력녀', '직진남', '선결혼후연애', '로판', '소설원작']"
SATURDAY,완벽한 계약,뚜솔 / 태자 / 김소희,순정,9.89456,전체연령가,"['로맨스', '리얼로맨스', '공식미남', '무심남', '능력남', '공식미녀', '명랑녀', '로맨틱코미디', '가벼운', '재벌', '계약연애', '걸크러시', '까칠남', '소설원작']"
SATURDAY,신이 되겠다,정연호 / 강구,액션,9.88107,15세 이용가,"['액션', '사이다', '오컬트판타지', '자극적인', '드라마', '참교육', '2023 지상최대공모전', '오컬트', '사이비종교', '먼치킨']"
SATURDAY,눈먼 짐승의 목줄을 쥐었다,위궤양게츠비 / PPANG / 카예,순정,9.93004,전체연령가,"['로맨스', '서양', '왕족/귀족', '로맨틱코미디', '로맨스', '낮져밤이', '짐승남', '직진남', '로판', '구원서사', '소설원작']"
SATURDAY,전생연분,재아 / HAE,순정,9.96739,15세 이용가,"['로맨스', '과거', '동양', '시대물', '짝사랑남', '집착남', '명랑녀', '짝사랑녀', '다정녀', '로맨틱코미디', '세계관', '계략녀', '레드스트링', '회귀', '퓨전사극', '학원물', '재회']"
SATURDAY,렉카 드라이버,TangoW / 오도독,액션,9.0098,15세 이용가,"['액션', '학원액션', '자극적인', '액션', '범죄', '복수극']"
SATURDAY,너에게로 중독,무멘 / 태양 / 안테,순정,9.94964,15세 이용가,"['로맨스', '이능력', '공식미남', '집착남', '공식미녀', '미스터리', '사연녀', '세계관', '재회', '로판', '소설원작']"
SATURDAY,용사참수인,김세래,판타지,9.88952,15세 이용가,"['판타지', '중세판타지액션', '중세', '서양', '마법', '모험', '액션', '세계관', '인외존재']"
SATURDAY,거룩한 밤 : 더 제로,사이사 / 정한길,액션,9.62309,15세 이용가,"['액션', '액션', '오컬트']"
SATURDAY,당신의 용서를 구합니다,최롯 / 문타 / 성하,순정,9.92393,12세 이용가,"['로맨스', '서양', '첫사랑', '왕족/귀족', '능력남', '후회남', '순진녀', '능력녀', '사연녀', '후회물', '직진남', '로판', '소설원작']"
SATURDAY,너의 달콤한 숨을,NOVA / 플라비,판타지,9.88756,15세 이용가,"['판타지', '연예계로맨스', '치명적인', '능력남', '유혹남', '로맨스', '판타지', '소설원작']"
SATURDAY,사서고생!,몽실,드라마,9.94034,전체연령가,"['드라마', '공감', '현대', '오피스', '청춘', '평범녀', '성장물', '직업드라마']"
SATURDAY,만수면 무강리,공현곤,스릴러,9.87815,15세 이용가,"['스릴러', '고자극스릴러', '자극적인', '미스터리', '범죄', '서스펜스', '다크히어로', '괴담']"
SATURDAY,명왕,"MAJOR, 금기혁 / 금기혁",액션,9.48325,15세 이용가,['액션']
SATURDAY,육각,권라드,액션,9.87897,15세 이용가,"['액션', '열혈', '배틀', '청춘', '성장물', '서바이벌', '격투기', '스포츠성장']"
SATURDAY,그냥 고양이,주홍,판타지,9.95515,15세 이용가,"['판타지', '2024 연재직행열차', '액션판타지', '소년물', '모험', '판타지', '성장물', '동물']"
SATURDAY,비밀복식클럽,소영,드라마,9.96461,전체연령가,"['드라마', '일상개그힐링', '감성적인', '설렘폭발', '공감', '미래', '우정', '청춘', '명랑녀', '햇살녀', '감성', '일상', '성장물', '무해한', '햇살캐', '러블리', '동아리']"
SATURDAY,괴물의 순결한 심장,융융멜 / 임혜,순정,9.90516,전체연령가,"['로맨스', '동양풍로맨스', '과거', '동양', '무심남', '요즘핫한추천작', '인외존재', '로판', '까칠남', '소설원작']"
SATURDAY,동그란 그녀와 소심한 그 남자,하야마 이즈미 / 오카무라 야치요,순정,9.78961,전체연령가,"['로맨스', '리얼로맨스', '감성적인', '설렘폭발', '로맨틱코미디', '햇살캐', '해외작품', '러블리', '힐링']"
SATURDAY,사운즈 라이크,소연,드라마,9.941,12세 이용가,"['드라마', '과거', '우정', '라이벌', '능력남', '2023 지상최대공모전', '요즘핫한추천작', '성장물', '동아리', '타임슬립', '복수극']"
SATURDAY,검에 서린 나비 : 마이데몬,최아일 / 코냥,순정,9.7211,전체연령가,['로맨스']
SATURDAY,솔직하게 말해줘!,재희,드라마,9.95569,12세 이용가,"['드라마', '사이다', '감성적인', '공감', '평범녀', '다정녀', '다정남', '청춘로맨스', '재회']"
SATURDAY,한판,백시우,스포츠,9.79986,15세 이용가,"['스포츠', '우정', '라이벌', '청춘', '스포츠', '일상', '액션', '학원물', '성장드라마', '스포츠성장']"
SATURDAY,남장판 오디션,고하다 / 윤숲,드라마,9.90794,전체연령가,"['드라마', '아이돌', '서바이벌', '아이돌연애']"
SATURDAY,수호소녀,엠제이,순정,9.93403,15세 이용가,"['로맨스', '이능력', '소년물', '햇살남', '미스터리', '성장물', '햇살캐', '학원로맨스', '학원물', '삼각관계']"
SATURDAY,너랑 걷는 개 좋아,누리아 산귀노,순정,9.90365,15세 이용가,"['로맨스', '설렘폭발', '대형견남', '나쁜남자', '명랑녀', '햇살녀', '로맨틱코미디', '해외작품', '동물']"
SATURDAY,위험한 거짓말,도파라 / 카르마 / 아라휘,순정,9.75435,15세 이용가,"['로맨스', '리얼로맨스', '능력녀', '재벌', '다정남', '폭스남', '후회물', '비밀연애', '계략녀', '계약연애', '전남친', '재회', '걸크러시', '소설원작']"
SATURDAY,또다시 열일곱,한다,순정,9.93209,12세 이용가,"['로맨스', '타임슬립', '2021 지상최대공모전', '회귀', '학원로맨스', '전남친']"
SATURDAY,멸망으로 시작하는! 근미래 생존법,김부농,판타지,9.86573,12세 이용가,"['판타지', '세계관', '2021 지상최대공모전', '두뇌싸움']"
SATURDAY,어나더급식느와르,김진수,액션,9.28712,15세 이용가,"['액션', '사이다', '학원액션', '참교육', '병맛', '고인물', '서바이벌', '힘숨찐', '학원물', '먼치킨', '느와르']"
SATURDAY,데이팅 캣,모하,순정,9.48923,15세 이용가,"['로맨스', '하이틴', '학원로맨스', '인플루언서']"
SATURDAY,합법적 연재 구역,인멸윤금,개그,9.81552,전체연령가,"['개그', '명랑녀', '햇살녀', '성장물', '무해한', '햇살캐', '직업드라마', '4차원', '성장드라마', '까칠남']"
TUESDAY,우렉 마지노,SIU,판타지,9.70968,12세 이용가,"['판타지', '사이다', '액션판타지', '모험', '액션', '세계관', '소년왕도물']"
TUESDAY,김부장,"박만사, 남자의 이야기 / 정종택",액션,9.62511,15세 이용가,"['액션', '사이다', '자극적인', '시리어스', '가족', '중년', '참교육', '범죄', '격투기', '힘숨찐', '다크히어로', '먼치킨', '느와르']"
TUESDAY,괴력 난신,매드버드 / 김태형 / 한중월야,무협,9.95661,15세 이용가,"['무협/사극', '레드아이스 스튜디오', '액션', '세계관', '오컬트', '동양풍판타지', '판무', '먼치킨', '소설원작']"
TUESDAY,절대회귀,JP / 박진환 / 장영훈,무협,9.963,15세 이용가,"['무협/사극', '참교육', '미친작화', '무협/사극', '고인물', '타임슬립', '회귀', '판무', '복수극', '먼치킨', '소설원작']"
TUESDAY,서울 자가에 대기업 다니는 김 부장 이야기,명랑 / 김병관 / 송희구,드라마,9.9568,15세 이용가,"['드라마', '공감', '현대', '오피스', '사회고발', '중년', '직업드라마', '하이퍼리얼리즘', '소설원작']"
TUESDAY,레벨999 고블린,다피 / 곰곰,액션,9.62821,15세 이용가,"['액션', '게임', '판타지', '병맛', '개그', '게임판타지']"
TUESDAY,신입사원 김철수,스튜디오MW / 오정,판타지,9.68892,15세 이용가,"['판타지', '현대', '오피스', '청춘', '고인물', '재벌', '타임슬립', '힐링', '직업드라마', '회귀', '복수극', '두뇌싸움', '소설원작']"
TUESDAY,이섭의 연애,248 / 김언희,순정,9.90506,15세 이용가,"['로맨스', '리얼로맨스', '현대', '오피스', '공식미남', '햇살남', '능력남', '능력녀', '로맨틱코미디', '햇살캐', '재벌', '오피스로맨스', '사내연애', '까칠남', '소설원작']"
TUESDAY,중증외상센터 : 외과의사 백강혁,홍비치라 / 한산이가,드라마,9.94766,전체연령가,"['드라마', '현대', '드라마', '성장물', '드라마&영화 원작웹툰', '직업드라마', '의학드라마', '성장드라마', '소설원작']"
TUESDAY,마음의소리2,조석,개그,9.93312,전체연령가,"['개그', '일상개그힐링', '공감', '결혼생활', '병맛', '가벼운', '힐링', '육아물', '4차원']"
TUESDAY,멸망 이후의 세계,언데드딸기 / 언데드감자 / 싱숑,판타지,9.92812,15세 이용가,"['판타지', '레드아이스 스튜디오', '액션판타지', '세계관', '차원이동', '아포칼립스', '이세계', '먼치킨', '소설원작']"
TUESDAY,사신소년,류,액션,9.89337,15세 이용가,"['액션', '액션판타지', '학원액션', '현대', '동양', '소년물', '액션', '판타지', '이능력배틀물', '소년왕도물', '먼치킨', '다크판타지']"
TUESDAY,44교시 생존수업,상C,스릴러,9.91244,15세 이용가,"['스릴러', '학원액션', '스릴러', '서바이벌', '서스펜스', '두뇌싸움']"
TUESDAY,엄마를 만나러 가는 길,고먕,판타지,9.98361,전체연령가,"['판타지', '감성적인', '모험', '판타지', '2023 지상최대공모전', '무해한', '러블리', '힐링', '육아물', '인외존재']"
TUESDAY,못 잡아먹어서 안달,팀 보도뵈 / 퀀퀀 / 플아다,순정,9.97173,15세 이용가,"['로맨스', '자극적인', '할리퀸', '혐관', '사연남', '능력남', '재벌남', '나쁜남자', '다정녀', '참교육', '사연녀', '재벌', '고자극로맨스', '복수극', '소설원작']"
TUESDAY,한림체육관,혜성 / 이석재,액션,9.70459,15세 이용가,"['액션', '학원액션', '열혈', '소년물', '격투기', '블루스트링', '슈퍼스트링', '학원물', '소년왕도물']"
TUESDAY,시한부인 줄 알았어요!,혜용 / 에시 / 최아리,순정,9.96944,15세 이용가,"['로맨스', '햇살캐', '로맨스코미디', '궁중로맨스', '계약연애', '삼각관계', '로판', '소설원작']"
TUESDAY,회귀한 용병은 다 계획이 있다,골드행 / 박진석,판타지,9.92251,15세 이용가,"['판타지', '액션판타지', '참교육', '미친작화', '요즘핫한추천작', '회귀', '판무', '복수극', '먼치킨', '소설원작']"
TUESDAY,하북팽가 막내아들,스튜디오 시그마 / 기원 / 무향,무협,9.84429,15세 이용가,"['무협/사극', '사이다', '환생', '액션', '고인물', '판무', '먼치킨', '소설원작']"
TUESDAY,백씨세가 시한부 공자,맥아 / 드래권 / 비도,판타지,9.76392,15세 이용가,"['판타지', '모험', '환생', '성장물', '세계관', '판무', '인외존재', '소설원작']"
TUESDAY,성검전설,최다킬,개그,9.97102,15세 이용가,"['개그', '사이다', '판타지개그', '중세', '모험', '크리처', '용사', '중년', '병맛', '2022 지상최대공모전', '고인물', '인외존재', '다크히어로', '먼치킨']"
TUESDAY,귀혼,야옹이,드라마,9.62296,전체연령가,"['드라마', '동양풍로맨스', '설렘폭발', '동양', '시대물', '로맨스', '드라마', '미친작화', '궁중로맨스']"
TUESDAY,유사연애,여은,순정,9.86398,15세 이용가,"['로맨스', '리얼로맨스', '자극적인', '요즘핫한추천작', '폭스남', '고자극로맨스', '오피스로맨스']"
TUESDAY,내 남편의 정부에게,에리카 / 댄싱브레인 / 라치크,순정,9.95002,15세 이용가,"['로맨스', '자극적인', '유혹남', '능글남', '폭스남', '환골탈태', '고자극로맨스', '복수극', '로판', '소설원작']"
TUESDAY,저 그런 인재 아닙니다,에몽 / 희진 / 덴피,판타지,9.96732,전체연령가,"['판타지', '세계관', '이세계', '다크히어로', '소설원작']"
TUESDAY,사람의 탈,우주돌,판타지,9.97603,15세 이용가,"['판타지', '동양', '소년물', '모험', '크리처', '성장물', '오컬트', '동양풍판타지', '이능력배틀물', '인외존재', '소년왕도물', '동물', '먼치킨']"
TUESDAY,아포칼립스에 물류센터를 숨김,왕재덕 / 성구 / 구채,판타지,9.92649,15세 이용가,"['판타지', '사이다', '현대판타지', '액션판타지', '현대', '상태창', '이능력', '액션', '아포칼립스', '인외존재', '먼치킨', '소설원작']"
TUESDAY,염라강림,바른꽃,판타지,9.90916,15세 이용가,"['판타지', '동양', '신화', '액션', '지금추천작', '오컬트', '동양풍판타지', '인외존재', '먼치킨']"
TUESDAY,백작가의 비밀스런 시녀님,MIDNIGHT STUDIO / 백주아,순정,9.98287,전체연령가,"['로맨스', '서양', '왕족/귀족', '사연남', '외유내강녀', '평범녀', '로판', '구원서사', '소설원작']"
TUESDAY,사변괴담,강태진,스릴러,9.93572,15세 이용가,"['스릴러', '역사물', '좀비', '빙의', '괴담']"
TUESDAY,원주민 공포만화,원주민,스릴러,9.85601,15세 이용가,"['스릴러', '오컬트판타지', '병맛', '개그', '오컬트', '4차원', '서스펜스', '괴담']"
TUESDAY,긁지 않은 복권,보로리,드라마,9.81067,12세 이용가,"['드라마', '고자극드라마', '자극적인', '인생역전', '환골탈태', '인플루언서']"
TUESDAY,마교 교주의 부군이 되었다,성대호 / 쥬레이,무협,8.89561,15세 이용가,"['무협/사극', '까칠녀', '무협/사극', '회귀', '복수극', '소설원작']"
TUESDAY,전리품 공작부인,새들 / 초밤비 / 레몬개구리,순정,9.97594,전체연령가,"['로맨스', '서양', '왕족/귀족', '능력녀', '소설원작']"
TUESDAY,개집사,고추참치,일상,9.97193,전체연령가,"['일상', '일상개그힐링', '공감', '일상', '가벼운', '개그', '무해한', '러블리', '힐링', '동물']"
TUESDAY,윈터브리즈,한경찰,순정,9.98399,전체연령가,"['로맨스', '감성적인', '현대', '사연남', '로맨스', '미친작화', '햇살캐', '청춘로맨스', '감성드라마']"
TUESDAY,청춘 러브썸,홍덕 / NEMONE,순정,9.97998,12세 이용가,"['로맨스', '리얼로맨스', '감성적인', '설렘폭발', '캠퍼스', '우정', '청춘', '소심녀', '로맨틱코미디', '러블리', '다정남', '청춘로맨스', '캠퍼스로맨스']"
TUESDAY,천만청춘,유월,순정,9.98418,전체연령가,"['로맨스', '우정', '청춘', '로맨틱코미디', '로맨스', '일상', '개그', '성장물', '하이틴', '학원로맨스', '학원물', '청춘로맨스']"
TUESDAY,체탐자,"박만사, 병장 / 겸자",무협,9.91634,15세 이용가,"['무협/사극', '소년왕도물']"
TUESDAY,335KM,Eh희,드라마,9.80785,15세 이용가,"['드라마', '생존', '모험', '액션', '아포칼립스']"
TUESDAY,한계 찢는 천재마법사,플랑K톤 / 김현준 / 얼음초코,판타지,9.62613,전체연령가,"['판타지', '사이다', '액션판타지', '중세판타지액션', '서양', '생존', '이능력', '배틀', '마법', '소년물', '모험', '액션', '판타지', '성장물', '환골탈태', '세계관', '힘숨찐', '학원물', '이능력배틀물', '소년왕도물', '복수극', '소설원작']"
TUESDAY,가공낙원,삼촌,판타지,9.98251,15세 이용가,"['판타지', '세계관', 'sf', '이세계', '인외존재']"
TUESDAY,귀공자,한동우 / 이도희,액션,9.91801,15세 이용가,"['액션', '지금추천작', '복수극', '느와르']"
TUESDAY,연우의 순정,이솔,감성,9.97048,15세 이용가,"['감성', '청춘', '햇살남', '소심남', '순정남', '다정녀', '무심녀', '능력녀', '사연녀', '성장물', '햇살캐', '러블리', '다정남', '짝사랑', '힐링', '학원물', '학원로맨스', '청춘로맨스', '걸크러시']"
TUESDAY,나만 보는 탑 공략집,사도 / X-NAME / 쾌조,판타지,9.85801,15세 이용가,"['판타지', '레드아이스 스튜디오', '액션판타지', '현대', '게임', '상태창', '배틀', '모험', '크리처', '우정', '성장물', '아포칼립스', '헌터물', '먼치킨', '소설원작']"
TUESDAY,빌런투킬,퓨핀 / 은지,판타지,9.92448,15세 이용가,"['판타지', '사이다', '현대', '악역이주인공', '빌런', '액션', '피카레스크', '이능력배틀물', '소년왕도물', '복수극', '빙의']"
TUESDAY,야만의 청혼,team IRUKA / 이윤아,순정,9.87081,15세 이용가,"['로맨스', '성장로판', '왕족/귀족', '짝사랑남', '능력남', '순정남', '로맨스', '다정남', '로판', '소설원작']"
TUESDAY,은주의 방 2~3부,노란구미,드라마,9.93229,전체연령가,"['드라마', '리얼로맨스', '공감', '첫사랑', '짝사랑남', '능력남', '명랑녀', '일상', '드라마&영화 원작웹툰', '친구>연인']"
TUESDAY,죽어 천국에 가다,수사반장,드라마,9.93386,12세 이용가,"['드라마', '감성적인', '눈물샘자극', '무해한', '차원이동', '회귀', '재회', '성장드라마', '구원서사', '감성드라마']"
TUESDAY,킬링필드,012,액션,9.50666,18세 이용가,"['액션', '성인웹툰']"
TUESDAY,왕게임,신형욱 / 범고래,액션,9.85304,12세 이용가,"['액션', '사이다', '학원액션', '자극적인', '참교육', '격투기', '블루스트링', '학원물', '서스펜스', '복수극']"
TUESDAY,대공님의 신부는 지옥의 전사,개바시 / 디참 / 김모안,판타지,9.86774,15세 이용가,"['판타지', '대형견남', '직진녀', '로맨틱코미디', '선결혼후연애', '로판', '소설원작']"
TUESDAY,그냥 선생님,연일,일상,9.97422,전체연령가,"['일상', '공감', '청춘', '로맨틱코미디', '일상', '무해한', '힐링', '직업드라마', '학원물', '청춘로맨스']"
TUESDAY,에이머,구동인,판타지,9.80676,전체연령가,"['판타지', '현대', '이능력', '배틀', '전쟁', '크리처', '개그', 'sf', '이능력배틀물', '인외존재', '두뇌싸움']"
TUESDAY,처음도 아닌데,미쪼 / 동탕 / 별규,순정,9.93509,15세 이용가,"['로맨스', '오피스', '재회', '오피스로맨스', '사내연애', '소설원작']"
TUESDAY,제로게임,즐바센,판타지,9.96873,12세 이용가,"['판타지', '데스게임', '배틀', '서바이벌', '최강자전', '2015 최강자전', '이능력배틀물', '두뇌싸움', '걸크러시']"
TUESDAY,티키타카,하하영 / 애크쵸,스포츠,9.878,전체연령가,"['스포츠', '청춘', '스포츠', '성장드라마', '스포츠성장']"
TUESDAY,아랫집 윗집 사이에,구슬창,순정,9.65481,15세 이용가,"['로맨스', '고자극드라마', '자극적인', '혐관로맨스']"
TUESDAY,눈 감은 하늘의 기사,모니,순정,9.84664,15세 이용가,"['로맨스', '동양풍로맨스', '동양', '혐관', '로맨스', '복수극', '걸크러시']"
TUESDAY,욕망을 가르쳐주세요,근당 / 날파카 / 단리한,순정,9.9628,15세 이용가,"['로맨스', '치명적인', '서양', '환생', '빌런', '왕족/귀족', '능글남', '능력녀', '판타지', '고자극로맨스', '인외존재', '소설원작']"
TUESDAY,내남친 킹카만들기,랑쓰 / 섯끼,순정,9.90366,전체연령가,"['로맨스', '청춘', '평범남', '순정남', '명랑녀', '햇살녀', '로맨틱코미디', '가벼운', '성장물', '햇살캐', '환골탈태', '2021 지상최대공모전', '하이틴', '학원로맨스', '학원물', '청춘로맨스', '인플루언서']"
TUESDAY,재난은 늘 곁에 있다,이혜,순정,9.97419,전체연령가,"['로맨스', '현대', '동양', '신화', '혐관', '사연남', '능력남', '능력녀', '지금추천작', '혐관로맨스', '오컬트', '인외존재', '삼각관계']"
TUESDAY,아름다운 줄리엣을 위하여,나사못 / 삼밀삼 / 도주차량,순정,9.96451,12세 이용가,"['로맨스', '감성적인', '헌신남', '순정남', '후회물', '짝사랑', '타임슬립', '로판', '구원서사', '소설원작']"
TUESDAY,서울역 바바리안,LICO / 진설우,판타지,9.7951,15세 이용가,"['판타지', '액션아포칼립스', '액션판타지', '생존', '배틀', '모험', '액션', '판타지', '소설원작']"
TUESDAY,여우자매,갈치,판타지,9.94141,전체연령가,"['판타지', '과거', '시대물', '가족', '일상', '가벼운', '힐링', '동양풍판타지', '인외존재']"
TUESDAY,선 넘는 결혼생활,맹 / 무인 / 강하다,순정,9.82023,12세 이용가,"['로맨스', '러브코미디', '설렘폭발', '결혼생활', '사연남', '능력남', '재벌남', '철벽녀', '로맨틱코미디', '계약연애', '선결혼후연애', '소설원작']"
TUESDAY,완벽한 실눈 악역을 연기하다,건실청년 / 80 / 봄가을,판타지,9.83739,15세 이용가,"['판타지', '소설원작']"
TUESDAY,인생내꺼,미티 / 구구,드라마,9.7838,15세 이용가,"['드라마', '공감', '재벌녀', '명랑녀', '가벼운', '로맨스코미디', '회귀']"
TUESDAY,집착남주의 전부인이 되었습니다,하담 / 꿀생강 / 퍼젤,순정,9.75238,15세 이용가,"['로맨스', '집착물', '빙의', '로판', '소설원작']"
TUESDAY,흑역사 어게인,안수민,순정,9.93289,12세 이용가,"['로맨스', '설렘폭발', '청춘', '순정남', '러블리', '다정남', '짝사랑', '타임슬립', '환골탈태', '회귀', '하이틴', '학원로맨스', '학원물', '청춘로맨스', '재회', '삼각관계', '복수극']"
TUESDAY,붉은 이정표,달뜬,액션,9.90099,15세 이용가,"['액션', '사이다', '시리어스', '동양', '이능력', '모험', '판타지', '세계관', '동양풍판타지', '인외존재', '복수극', '먼치킨', '걸크러시']"
TUESDAY,아카데미가 망했다,BIN / GG / ROHRAN,판타지,9.77751,전체연령가,"['판타지', '판타지개그', '아카데미물', '개그', '성장물', '힘숨찐', '소설원작']"
TUESDAY,원시인 김동우,정이리이리 / 이승찬,판타지,9.86505,전체연령가,['판타지']
TUESDAY,무원야담,호우,판타지,9.96934,12세 이용가,"['판타지', '오컬트판타지', '과거', '동양', '시대물', '모험', '오컬트', '인외존재']"
TUESDAY,연애 못하면 사망,홍치,순정,9.92723,12세 이용가,"['로맨스', '러브코미디', '환생', '재벌남', '개그', '로맨스코미디', '혐관로맨스', '계약연애', '복수극']"
TUESDAY,던전공략은 복붙이지,REDSTONE!! / BKORI,판타지,9.51454,15세 이용가,"['판타지', '사이다', '현대판타지', '게임', '상태창', '이능력', '던전물', '헌터물', '인외존재', '먼치킨']"
TUESDAY,동경과 거짓말,오한,드라마,9.97531,12세 이용가,"['드라마', '예술', '우정', '라이벌', '아카데미물', '성장물', '햇살캐', '2021 지상최대공모전', '성장드라마', '구원서사']"
TUESDAY,시한부 황후의 나쁜 짓,굄 / 이준 / 정무늬,순정,9.87941,15세 이용가,"['로맨스', '자극적인', '왕족/귀족', '순정남', '군림녀', '후회물', '타임슬립', '고자극로맨스', '궁중로맨스', '회귀', '재회', '복수극', '로판', '걸크러시', '구원서사', '소설원작']"
TUESDAY,자멸기관,김보통 / 나몬,스릴러,9.9364,15세 이용가,"['스릴러', '고자극스릴러', '자극적인', '시리어스', '사회고발', '미스터리', '하이퍼리얼리즘', '학원물', '서스펜스', '복수극', '감염']"
TUESDAY,"천재, 만재, 백재!",심모람,드라마,9.94894,전체연령가,"['드라마', '일상개그힐링', '가족', '감성', '일상', '가벼운', '무해한', '햇살캐', '러블리', '힐링', '감성드라마']"
TUESDAY,대리게임,철준,스릴러,9.3182,15세 이용가,"['스릴러', '자극적인', '현대', '게임', '크리처', '액션', '인생역전', '참교육', '게임판타지', '학원물', '서스펜스', '복수극', '빙의']"
TUESDAY,원포인트,잇,스포츠,9.81039,전체연령가,"['스포츠', '열혈', '청춘', '성장물', '동아리', '학원물', '스포츠성장']"
TUESDAY,문어숙희숙회,수현 / 김도비,드라마,9.16027,15세 이용가,"['드라마', '생존', '우정', '가족', '성장물', '러블리', '서바이벌', '4차원', '인외존재', '성장드라마', '동물']"
TUESDAY,천재 곰먐미 김순자,응쿵댄,개그,9.44983,전체연령가,"['개그', '일상개그힐링', '일상', '동물']"
TUESDAY,사장님과 공주님,요엔,순정,9.95655,전체연령가,"['로맨스', '판타지개그', '인소감성', '병맛', '가벼운', '개그', '무해한', '햇살캐', '러블리', '재벌', '차원이동', '4차원']"
TUESDAY,킬링 스프리,SN / 배현희,스포츠,9.887,12세 이용가,"['스포츠', '게임', '소년물', '우정', '청춘', '성장물', '고인물', '게임판타지', '성장드라마', '스포츠성장', '먼치킨']"
TUESDAY,헬스x로맨스,인미,순정,9.86015,12세 이용가,"['로맨스', '리얼로맨스', '청춘', '계략남', '명랑녀', '햇살녀', '로맨틱코미디', '스포츠', '가벼운', '햇살캐', '러블리', '다정남', '짝사랑', '힐링', '재회', '삼각관계', '복수극']"
MONDAY,만남어플 중독,루즌아,드라마,9.83725,18세 이용가,"['드라마', '고자극스릴러', '고자극드라마', '자극적인', '절망적인', '치명적인', '현대', '유혹남', '나쁜남자', '평범녀', '소심녀', '미스터리', '범죄', '성인웹툰']"
MONDAY,참교육,채용택 / 한가람,액션,9.89157,15세 이용가,"['액션', '사이다', '학원액션', '자극적인', '사회고발', '참교육', '블루스트링', '학원물', '다크히어로', '먼치킨']"
MONDAY,환생천마,JP / 부겸 / 장영훈,무협,9.94728,15세 이용가,"['무협/사극', '사이다', '동양', '환생', '액션', '고인물', '환골탈태', '동양풍판타지', '판무', '먼치킨', '소설원작']"
MONDAY,왕과의 야행,보리,순정,9.97969,18세 이용가,"['로맨스', '동양풍로맨스', '자극적인', '동양', '왕족/귀족', '나쁜남자', '공식미녀', '사연녀', '고자극로맨스', '궁중로맨스', '성인웹툰']"
MONDAY,절대검감,김두루미 / 티아이 / 한중월야,무협,9.94916,12세 이용가,"['무협/사극', '동양', '이능력', '모험', '액션', '성장물', '환골탈태', '회귀', '판무', '복수극', '먼치킨', '소설원작']"
MONDAY,똑 닮은 딸,이담,스릴러,9.98267,15세 이용가,"['스릴러', '명작', '고자극드라마', '자극적인', '시리어스', '미스터리', '범죄', '2020 지상최대공모전', '서스펜스', '복수극']"
MONDAY,백수세끼,치즈,드라마,9.86399,전체연령가,"['드라마', '리얼로맨스', '공감', '캠퍼스', '오피스', '평범남', '평범녀', '재회', '음식&요리', '감성드라마']"
MONDAY,윈드브레이커,조용석,스포츠,9.83861,12세 이용가,"['스포츠', '현대', '우정', '라이벌', '청춘', '성장물', '학원물', '성장드라마', '스포츠성장']"
MONDAY,귀촌리,황양 / 이대한,스릴러,9.95587,15세 이용가,"['스릴러', '고자극스릴러', '자극적인', '시리어스', '피카레스크', '범죄', '오컬트', '서스펜스', '두뇌싸움', '괴담']"
MONDAY,소녀의 세계,모랑지,드라마,9.92262,전체연령가,"['드라마', '설렘폭발', '공감', '우정', '청춘', '외유내강녀', '명랑녀', '햇살녀', '햇살캐', '힐링', '하이틴', '학원로맨스', '직진남', '청춘로맨스', '삼각관계', '까칠남', '감성드라마']"
MONDAY,노곤하개 쇼츠,홍끼,일상,9.97738,전체연령가,['일상']
MONDAY,시한부 천재가 살아남는 법,JP / 윤승기 / 청시소,무협,9.9219,15세 이용가,"['무협/사극', '정통무협', '시리어스', '동양', '모험', '고인물', '힘숨찐', '복수극', '먼치킨', '소설원작']"
MONDAY,신화급 귀속 아이템을 손에 넣었다,판테라 / 헤스 / 정선율,판타지,9.79736,15세 이용가,"['판타지', '사이다', '아카데미물', '아포칼립스', '게임판타지', '회귀', '헌터물', '먼치킨', '구원서사', '소설원작']"
MONDAY,회귀한 공작가의 막내도련님은 암살자,스윙뱃 / 커피라임,판타지,9.92594,15세 이용가,"['판타지', '레드아이스 스튜디오', '액션판타지', '왕족/귀족', '아카데미물', '고인물', '회귀', '복수극', '먼치킨', '소설원작']"
MONDAY,버림받은 왕녀의 은밀한 침실,혜니 / 성혜림,순정,9.94339,18세 이용가,"['로맨스', '자극적인', '치명적인', '서양', '왕족/귀족', '무심남', '순정남', '계략남', '군림녀', '직진녀', '능력녀', '다정남', '고자극로맨스', '궁중로맨스', '역하렘', '로판', '까칠남', '소설원작', '성인웹툰']"
MONDAY,천재 타자가 강속구를 숨김,"황지성 / 김성은, 스튜디오MW / 이블라인",스포츠,9.89512,전체연령가,"['스포츠', '청춘', '인생역전', '성장물', '고인물', '타임슬립', '야구', '회귀', '힘숨찐', '청춘로맨스', '스포츠성장', '소설원작']"
MONDAY,무벌전,노백,무협,9.9458,15세 이용가,"['무협/사극', '정통무협', '동양', '시대물', '액션', '성장물', '2022 지상최대공모전', '소년왕도물', '복수극']"
MONDAY,별난식당,HO9,드라마,9.95396,전체연령가,"['드라마', '감성적인', '청춘', '지금추천작', '성장물', '힐링', '직업드라마', '음식&요리', '성장드라마']"
MONDAY,파브르 in 사천당가,지대공마법소년 / 크라켄 / 에르훗,무협,9.94865,15세 이용가,"['무협/사극', '동양', '액션', '판타지', '판무', '빙의', '동물', '소설원작']"
MONDAY,이직로그,우시목 / 이하안,순정,9.9685,전체연령가,"['로맨스', '러브코미디', '오피스', '능력녀', '요즘핫한추천작', '로맨스코미디', '오피스로맨스']"
MONDAY,우아한 욕망,김종건,순정,9.90923,18세 이용가,"['로맨스', '리얼로맨스', '자극적인', '시리어스', '치명적인', '첫사랑', '중년', '무심남', '나쁜남자', '연하남', '짝사랑', '고자극로맨스', '재회', '서스펜스', '성인웹툰']"
MONDAY,잔불의 기사,환댕,판타지,9.96106,15세 이용가,"['판타지', '중세판타지액션', '마법', '액션', '성장물', '세계관', '소년왕도물', '복수극', '두뇌싸움']"
MONDAY,잘 헤어지는 방법,강문송 / 1172,스릴러,9.93709,18세 이용가,"['스릴러', '고자극스릴러', '자극적인', '시리어스', '계략남', '집착남', '드라마', '사연녀', '요즘핫한추천작', '범죄', '집착물', '계략녀', '레드스트링', '서스펜스', '복수극', '두뇌싸움', '성인웹툰']"
MONDAY,딸들,김에그 / 해례,스릴러,9.46942,15세 이용가,"['스릴러', '독자PICK', '고자극스릴러', '고자극드라마', '자극적인', '시리어스', '가족']"
MONDAY,연애리뷰,평강 / 라희,순정,9.88027,15세 이용가,"['로맨스', '로맨스', '레드스트링', '캠퍼스로맨스']"
MONDAY,영업 천재가 되었다,"혜림,댄킴 / 혜림 / 댄킴",판타지,9.92912,전체연령가,"['판타지', '감성적인', '현대', '오피스', '직업드라마', '회귀', '소설원작']"
MONDAY,"정신 차려, 전승연",제민,순정,9.72198,15세 이용가,['로맨스']
MONDAY,토마토가 돼라!,뮤리,순정,9.9817,15세 이용가,"['로맨스', '설렘폭발', '청춘', '공식미남', '능글남', '짝사랑녀', '가벼운', '햇살캐', '러블리', '폭스남', '학원로맨스', '청춘로맨스']"
MONDAY,통제구역관리부,탄광,스릴러,9.9644,15세 이용가,"['스릴러', '2024 지상최대공모전', '고자극스릴러', '자극적인', '크리처', '괴담']"
MONDAY,최악의 세대,"광산, MAJOR",액션,9.90788,15세 이용가,['액션']
MONDAY,아포칼립스에 집을 숨김,DD / 송지형 / 로드워리어,액션,9.82414,15세 이용가,"['액션', '생존', '크리처', '고인물', '서바이벌', '아포칼립스', '힘숨찐', '헌터물', '인외존재', '먼치킨', '소설원작']"
MONDAY,시리도록 불꽃처럼,김인호 / 유진성,무협,9.84642,15세 이용가,"['무협/사극', '정통무협', '열혈', '동양', '시대물', '소년물', '액션', '무협/사극', '동양풍판타지', '판무', '소년왕도물', '소설원작']"
MONDAY,악당 가족이 독립을 반대한다,밋츄 / 하티 / 이흰,순정,9.97061,전체연령가,"['로맨스', '악역이주인공', '왕족/귀족', '공식미녀', '햇살녀', '로맨틱코미디', '악녀', '가벼운', '무해한', '햇살캐', '러블리', '다정남', '궁중로맨스', '역하렘', '빙의', '로판', '소설원작']"
MONDAY,히어로메이커,빤쓰,판타지,9.93002,전체연령가,"['판타지', '판타지개그', '서양', '모험', '전쟁', '정치', '용사', '왕족/귀족', '개그', '성장물']"
MONDAY,우주천마 3077,산하 / 김대영 / 녹색여우,무협,9.6225,15세 이용가,"['무협/사극', '액션', '고인물', '아포칼립스', '동양풍판타지', '힘숨찐', 'sf', '판무', '인외존재', '먼치킨', '소설원작']"
MONDAY,구야는 신입,구야,일상,9.93201,전체연령가,"['일상', '2024 연재직행열차', '일상개그힐링', '공감', '오피스', '청춘', '일상', '가벼운', '개그', '무해한', '직업드라마']"
MONDAY,개같이 탈출,갬쟈,드라마,9.93507,전체연령가,"['드라마', '생존', '성장물', '2022 지상최대공모전', '무해한', '힐링', '아포칼립스', '좀비', '인외존재', '동물']"
MONDAY,미친 재능의 플레이어,S-Nanyc / 호라칸 / 체나,판타지,9.82833,15세 이용가,"['판타지', '레드아이스 스튜디오', '사이다', '게임', '상태창', '이능력', '크리처', '고인물', '게임판타지', '헌터물', '인외존재', '소설원작']"
MONDAY,지유지요,용현동,순정,9.93322,12세 이용가,['로맨스']
MONDAY,Lv.99 흑염의 프린세스,YDR / 먼주 / 린지,판타지,9.83001,전체연령가,"['판타지', '소설원작']"
MONDAY,피폐물을 힐링물로 만드는 방법,류호 / 양담 / 황도톨,순정,9.96997,15세 이용가,"['로맨스', '설렘폭발', '집착남', '명랑녀', '햇살녀', '로맨틱코미디', '짐승남', '가벼운', '무해한', '햇살캐', '러블리', '힐링', '빙의', '로판', '소설원작']"
MONDAY,와일드 랭커,"사카이시유우사쿠, 미즈노 히카루 / 박성재",판타지,9.7231,15세 이용가,"['판타지', '액션판타지', '배틀', '소년물', '모험', '우정', '성장물', '헌터물', '이능력배틀물', '소년왕도물', '먼치킨']"
MONDAY,더블클릭,"김장훈,박수봉 / 박수봉",액션,9.93302,전체연령가,"['액션', '학원액션', '게임', '소년물', '청춘', '성장물', '고인물', '게임판타지', '학원물', '성장드라마', '스포츠성장', '먼치킨', '감염']"
MONDAY,회귀했는데 세상이 안 망함,손병준 / 넴가 / 선우,판타지,9.72644,15세 이용가,"['판타지', '현대판타지', '액션판타지', '판타지개그', '현대', '게임', '생존', '모험', '크리처', '고인물', '차원이동', '게임판타지', '회귀', '헌터물', '먼치킨', '소설원작']"
MONDAY,너의 완두콩을 먹고 싶어!,니소라스 / 박건영,개그,9.90547,12세 이용가,"['개그', '2024 지상최대공모전', '열혈병맛개그', '액션', '병맛', '가벼운', '개그', '4차원', '학원로맨스']"
MONDAY,벤타블랙,신신성,액션,9.7195,15세 이용가,['액션']
MONDAY,리턴 투 플레이어,레포 / 세혼 / 인덱스,판타지,9.92642,15세 이용가,"['판타지', '신화', '게임', '배틀', '아포칼립스', '게임판타지', '회귀', 'sf', '인외존재', '먼치킨', '소설원작']"
MONDAY,비서실세,정미 / 로즈빈,순정,9.90543,15세 이용가,"['로맨스', '리얼로맨스', '설렘폭발', '치명적인', '현대', '오피스', '능력남', '재벌남', '능글남', '나쁜남자', '햇살녀', '능력녀', '로맨틱코미디', '로맨스', '러블리', '재벌', '비밀연애', '로맨스코미디', '계약연애', '오피스로맨스', '사내연애', '까칠남', '소설원작']"
MONDAY,대표님의 남편이 되고 싶어,고잉,순정,9.86409,15세 이용가,"['로맨스', '현대', '사연남', '재벌남', '능력녀', '로맨스', '복수극']"
MONDAY,폭력의 왕,LICO / 한경찬,액션,9.82039,15세 이용가,"['액션', '학원액션', '소년물', '성장물', '환골탈태', '격투기', '힘숨찐', '학원물', '성장드라마', '소년왕도물']"
MONDAY,황후의 짐승간택,LICO / 꿀밤비,순정,9.87193,15세 이용가,"['로맨스', '서양', '왕족/귀족', '후회남', '나쁜남자', '군림녀', '짐승남', '사연녀', '고자극로맨스', '궁중로맨스', '인외존재', '삼각관계', '로판', '소설원작']"
MONDAY,마왕을 그만둔 이유,김대일 / 이상혁,판타지,9.8654,15세 이용가,"['판타지', '액션판타지', '중세판타지액션', '중세', '서양', '모험', '악역이주인공', '미친작화', '인외존재', '먼치킨', '소설원작']"
MONDAY,시간을 돌아온 황후의 납치 결혼,그리온 / 신은예,순정,9.94355,15세 이용가,"['로맨스', '외유내강녀', '고자극로맨스', '선결혼후연애', '소설원작']"
MONDAY,수영만화일기,해오,일상,9.91285,전체연령가,"['일상', '무해한', '스포츠성장']"
MONDAY,불완전한 이혼의 결말,진원 / 가은 / 라솔레,순정,9.90502,전체연령가,"['로맨스', '계략남', '후회남', '능력녀', '요즘핫한추천작', '후회물', '로판', '소설원작']"
MONDAY,해피 페이스,이저녁,액션,9.94225,12세 이용가,"['액션', '액션판타지', '중세판타지액션', '열혈', '중세', '서양', '시대물', '배틀', '소년물', '모험', '우정', '액션', '성장드라마', '소년왕도물', '먼치킨']"
MONDAY,소소한 기행,넛찌,개그,9.92473,전체연령가,"['개그', '2024 연재직행열차', '일상개그힐링', '일상', '가벼운', '개그', '무해한', '힐링', '4차원', '하이퍼리얼리즘', '동물']"
MONDAY,트럭기사 태그배 경,마자,개그,9.96055,전체연령가,"['개그', '판타지개그', '치명적인', '중세', '중년', '왕족/귀족', '햇살녀', '개그', '로판', '구원서사']"
MONDAY,모솔대첩,진자 / 정생,순정,9.81985,15세 이용가,"['로맨스', '러브코미디', '리얼로맨스', '설렘폭발', '공식미남', '헌신남', '짝사랑남', '능글남', '순정남', '연하남', '재벌녀', '얼빠녀', '명랑녀', '직진녀', '소심녀', '로맨틱코미디', '로맨스', '연애/결혼공감', '로맨스코미디', '계약연애', '친구>연인', '청춘로맨스', '공감성수치']"
MONDAY,공녀님의 꽃밭에는 그들이 산다,개굴 / 영락 / 고겨울,순정,9.89128,전체연령가,"['로맨스', '성장로판', '서양', '환생', '왕족/귀족', '가벼운', '성장물', '햇살캐', '러블리', '힐링', '육아물', '로판', '걸크러시', '소설원작']"
MONDAY,폐황후 마리아,하브린 / 과자 / 강희자매,드라마,9.70956,15세 이용가,"['드라마', '성장로판', '중세', '서양', '시대물', '결혼생활', '혐관', '왕족/귀족', '짝사랑남', '대형견남', '집착남', '나쁜남자', '판타지', '짐승남', '미친작화', '성장물', '집착물', '고자극로맨스', '혐관로맨스', '재회', '성장드라마', '걸크러시', '까칠남', '소설원작']"
MONDAY,프로젝트 마르스,영주,판타지,9.87116,15세 이용가,"['판타지', '2024 지상최대공모전', '액션판타지', '배틀', '소년물', '액션', '판타지', '힘숨찐', 'sf', '이능력배틀물', '인외존재', '먼치킨']"
MONDAY,기생몽,닺,스릴러,9.67024,15세 이용가,"['스릴러', '오컬트판타지', '현대', '오피스', '미스터리', '후회물', '오컬트', '서스펜스', '괴담']"
MONDAY,다육이는 잘 자란다,도국,드라마,9.96035,15세 이용가,"['드라마', '블랙코미디', '생존', '사회고발', '우정', '가족', '성장물', '하이퍼리얼리즘', '성장드라마']"
MONDAY,보스리턴,양세준,액션,9.87963,15세 이용가,"['액션', '학원액션', '성장물', '범죄', '고인물', '타임슬립', '회귀', '학원물', '복수극', '먼치킨', '느와르']"
MONDAY,타이탄,네온비 / 장구,드라마,9.77941,18세 이용가,"['드라마', '고자극드라마', '액션판타지', '이능력', '배틀', 'sf', '성인웹툰']"
MONDAY,제국 최고의 악녀를 사랑하게 되었습니다,"아지 / 아츠시, Perlacot",순정,9.96219,15세 이용가,"['로맨스', '순진남', '서양', '능력남', '공식미녀', '유혹녀', '짝사랑녀', '직진녀', '미친작화', '고자극로맨스', '로판']"
MONDAY,ZD,조석,스포츠,9.94342,12세 이용가,"['스포츠', '가족', '스포츠', '드라마', '개그', '축구', '성장드라마', '스포츠성장']"
MONDAY,라서드,감람,판타지,9.97219,15세 이용가,['판타지']
MONDAY,슬로우 다이브,고다,스포츠,9.84816,12세 이용가,"['스포츠', '청춘', '스포츠', '스포츠성장']"
MONDAY,좀비묵시록 82-08,"달아 / 경우,아쿠아콘 / 박스오피스",액션,9.80568,15세 이용가,"['액션', '자극적인', '시리어스', '절망적인', '현대', '스릴러', '아포칼립스', '밀리터리', '서스펜스', '감염', '소설원작']"
MONDAY,연애보다 결혼,카이루니사 / VBi / 체리고,순정,9.8327,15세 이용가,"['로맨스', '설렘폭발', '혐관', '능력남', '순진녀', '로맨틱코미디', '직진남', '선결혼후연애', '소설원작']"
MONDAY,청소하러 왔어요,뻥,감성,9.94344,전체연령가,['감성']
MONDAY,영앤리치가 아니야!,최삡뺩,개그,9.96414,전체연령가,"['개그', '할리퀸', '청춘', '짝사랑남', '능력남', '재벌남', '소심녀', '순진녀', '다정녀', '병맛', '재벌', '다정남', '하이틴', '학원로맨스', '학원물', '직진남', '청춘로맨스']"
MONDAY,닥터아미,김민소,액션,9.49141,15세 이용가,['액션']
MONDAY,황태자의 소꿉친구로 살아남기,LICO / 한빈 / 비첼,순정,9.90158,15세 이용가,"['로맨스', '설렘폭발', '서양', '소꿉친구', '로판', '소설원작']"
MONDAY,서브 남주가 파업하면 생기는 일,해민 / 창대 / 숙임,판타지,9.96019,전체연령가,"['판타지', '순진남', '감성적인', '서양', '마법', '우정', '왕족/귀족', '공식미남', '햇살녀', '햇살캐', '다정남', '힐링', '차원이동', '빙의', '로판', '까칠남', '소설원작']"
MONDAY,악녀교실,즛호,드라마,9.93153,15세 이용가,"['드라마', '사이다', '학원물', '복수극']"
MONDAY,나의 개는 스피커로 짖는다,로밋,드라마,9.7337,전체연령가,"['드라마', '감성적인', 'sf', '감성드라마']"
MONDAY,제국 제일의 상속녀가 되었습니다,한강 / 요정용,순정,9.9313,12세 이용가,"['로맨스', '사연녀', '햇살캐', '러블리', '다정남', '차원이동', '역하렘', '빙의', '로판', '소설원작']"
MONDAY,두 번째 삶은 힐링라이프?,당토,판타지,9.90747,12세 이용가,"['판타지', '사이다', '마법', '소년물', '환생', '아카데미물', '성장물', '소년왕도물']"
MONDAY,나의 보이소프렌드,망공이,드라마,9.96192,전체연령가,"['드라마', '예술', '우정', '라이벌', '청춘', '2022 최강자전', '성장물', '학원로맨스', '청춘로맨스', '친구>연인', '까칠남']"
MONDAY,솔로스쿨,랑쓰 / 승9,순정,9.92061,전체연령가,"['로맨스', '청춘', '무심남', '명랑녀', '짝사랑녀', '평범녀', '가벼운', '러블리', '다정남', '하이틴', '학원로맨스', '학원물', '청춘로맨스', '삼각관계', '까칠남']"
MONDAY,녹빛자정의 연인,백작,드라마,9.96972,15세 이용가,"['드라마', '자극적인', '서양', '시대물', '혐관', '왕족/귀족', '평범녀', '폭스남', '혐관로맨스', '삼각관계', '까칠남']"
MONDAY,사이다걸,김드루 / 김그루,드라마,9.85463,전체연령가,"['드라마', '2021 지상최대공모전']"
MONDAY,아직 제목 없음,주영현,드라마,9.94185,전체연령가,"['드라마', '공감', '우정', '청춘', '감성', '동아리', '힐링', '하이틴', '학원로맨스', '학원물', '청춘로맨스', '성장드라마', '감성드라마']"
MONDAY,내가 왜 킬러?!,규잉,개그,9.94633,15세 이용가,"['개그', '열혈병맛개그', '액션', '병맛', '성장물', '4차원', '힘숨찐', '느와르']"
MONDAY,게임마스터,둥치 / Akaogi Seki,판타지,9.54416,전체연령가,"['판타지', '게임판타지', '이세계', '다크판타지', '소설원작']"
MONDAY,악당과 악당이 만나면,삵 / 쏘가리 / 임하얌,순정,9.95715,12세 이용가,"['로맨스', '악역이주인공', '집착남', '악녀', '사연녀', '다정남', '폭스남', '집착물', '계략녀', '혐관로맨스', '계약연애', '직진남', '로판', '걸크러시', '소설원작']"
MONDAY,러브 로스팅,이순기 / 이예린,순정,9.90611,15세 이용가,"['로맨스', '현대판타지', '리얼로맨스', '캠퍼스로맨스']"
MONDAY,피폐물의 해피엔딩을 위하여,호,순정,9.95117,전체연령가,"['로맨스', '빙의', '로판', '구원서사']"
MONDAY,날 먹는 건 금지양!,조9,순정,9.96828,전체연령가,"['로맨스', '청춘', '공식미남', '명랑녀', '러블리', '힐링', '학원로맨스', '청춘로맨스', '친구>연인', '인외존재', '까칠남']"
MONDAY,어쌔신 크리드 - 잊혀진 사원,"YEON, ARC, Ubisoft / Tabii",판타지,9.87997,15세 이용가,"['판타지', '레드아이스 스튜디오', '서양', '게임', '액션', '차원이동', '게임판타지']"
MONDAY,컨트롤X,사이렌 / 서클,순정,9.52958,12세 이용가,"['로맨스', '연예계로맨스', '공식미녀', '능력녀', '2022 지상최대공모전', '전남친', '연예계', '걸크러시']"
MONDAY,호러맨스,-2℃,순정,9.93074,전체연령가,"['로맨스', '2024 연재직행열차', '햇살남', '무심남', '순정남', '소심녀', '로맨스', '성장물', '무해한', '동아리', '다정남', '폭스남', '오컬트', '학원로맨스', '학원물', '청춘로맨스', '삼각관계']"
MONDAY,찔레꽃 그늘 아래,해람 / 홍이,순정,9.90314,15세 이용가,"['로맨스', '동양풍로맨스', '동양', '시대물', '혐관', '능글남', '집착남', '공식미녀', '사연녀', '2022 지상최대공모전', '집착물', '후회물', '혐관로맨스', '재회', '복수극']"
MONDAY,숭늉버블티,솔리,순정,9.88416,전체연령가,"['로맨스', '리얼로맨스', '감성적인', '캠퍼스', '현대', '캠퍼스로맨스']"
MONDAY,여우별잡이,"열림, 녹원 / 은일초",판타지,9.82775,15세 이용가,"['판타지', '동양', '무협/사극', '동양풍판타지', '구원서사']"
MONDAY,연애복붙,석한,순정,9.86613,15세 이용가,"['로맨스', '러브코미디', '공식미남', '능력남', '얼빠녀', '미스터리', '4차원', 'sf', '친구>연인', '삼각관계']"
MONDAY,두번째 신의아이,나는야사과될거야 / 쿠키빵,순정,9.80519,15세 이용가,"['로맨스', '현대판타지', '오컬트판타지', '현대', '신화', '가족', '오컬트', '동양풍판타지', '인외존재', '삼각관계', '서스펜스', '빙의', '괴담']"
MONDAY,Dog한 로맨스,보현 / 문써니,순정,9.5662,전체연령가,"['로맨스', '러브코미디', '가족', '능력녀', '로맨틱코미디', '드라마', '동물']"
MONDAY,원하나,비진,드라마,9.8834,15세 이용가,"['드라마', '자극적인', '시리어스', '최강자전', '2021 최강자전', '연예계', '복수극', '구원서사']"
MONDAY,한국에서 히어로 하기 힘들더라,이해력,판타지,9.94027,전체연령가,"['판타지', '독자PICK', '현대판타지', '이능력', '우정', '빌런', '가벼운', '개그', '성장물', '아이돌', '서바이벌']"
MONDAY,티엔다비스 - 완벽한 구원을 위하여,삼공 / 느링 / 김영지,순정,9.93949,전체연령가,"['로맨스', '서양', '왕족/귀족', '능력녀', '로판', '걸크러시', '구원서사', '까칠남', '소설원작']"
MONDAY,여고생이 신인데 나만 괴롭힘,박장고 / 이우,드라마,9.85323,12세 이용가,"['드라마', '러브코미디', '개그', '성장물', '게임판타지', 'sf', '학원물', '성장드라마', '두뇌싸움']"
FRIDAY,광마회귀,JP / 이히 / 유진성,무협,9.96627,15세 이용가,"['무협/사극', '사이다', '세계관', '회귀', '판무', '소설원작']"
FRIDAY,외모지상주의,박태준,드라마,9.44077,15세 이용가,"['드라마', '사이다', '학원액션', '소년물', '참교육', '성장물', '격투기', '학원물', '인플루언서', '복수극', '먼치킨']"
FRIDAY,나 혼자 만렙 뉴비,WAN.Z / 스윙뱃 / 메슬로우,판타지,9.93552,15세 이용가,"['판타지', '레드아이스 스튜디오', '사이다', '하렘', '게임', '상태창', '고인물', '게임판타지', '헌터물', '먼치킨', '소설원작']"
FRIDAY,역대급 영지 설계사,이현민 / 김현수 / 문백경,판타지,9.97772,전체연령가,"['판타지', '판타지개그', '서양', '게임', '왕족/귀족', '개그', '세계관', '게임판타지', '이세계', '소년왕도물', '빙의', '소설원작']"
FRIDAY,재혼 황후,히어리 / 숨풀 / 알파타르트,순정,9.96467,15세 이용가,"['로맨스', '사연녀', '다정남', '후회물', '궁중로맨스', '혐관로맨스', '직진남', '이세계', '역하렘', '연상연하', '삼각관계', '선결혼후연애', '로판', '걸크러시', '소설원작']"
FRIDAY,재입대만 7번째,이진수,드라마,9.88257,15세 이용가,"['드라마', '2024 연재직행열차', '절망적인', '공감', '드라마', '개그', '밀리터리']"
FRIDAY,상남자,하늘소 / 도가도 / 김태궁,드라마,9.96804,15세 이용가,"['드라마', '사이다', '오피스', '청춘', '능력남', '인생역전', '직업드라마', '회귀', '두뇌싸움', '머니게임', '먼치킨', '소설원작']"
FRIDAY,천하제일 대사형,YooN / 북미혼,무협,9.92161,15세 이용가,"['무협/사극', '사이다', '참교육', '환골탈태', '판무', '복수극', '먼치킨', '소설원작']"
FRIDAY,아카데미에서 살아남기,기린그린 / 코리타,판타지,9.92149,15세 이용가,"['판타지', '하렘', '상태창', '생존', '왕족/귀족', '아카데미물', '서바이벌', '게임판타지', '빙의', '소설원작']"
FRIDAY,어쩌다보니 천생연분,꿀타래 / 담초,순정,9.96233,15세 이용가,"['로맨스', '순진남', '러브코미디', '설렘폭발', '결혼생활', '헌신남', '순정남', '명랑녀', '다정남', '소꿉친구', '로맨스코미디', '2021 지상최대공모전', '선결혼후연애']"
FRIDAY,로맨스 저주,다원,스릴러,9.82875,18세 이용가,"['스릴러', '고자극스릴러', '자극적인', '악역이주인공', '드라마', '아이돌연애', '계략녀', '하이퍼리얼리즘', '복수극', '공감성수치', '성인웹툰']"
FRIDAY,1초,시니 / 광운,드라마,9.97645,전체연령가,"['드라마', '눈물샘자극', '현대', '이능력', '청춘', '직업드라마', '서스펜스', '성장드라마']"
FRIDAY,A.I. 닥터,ZAINO / 쿠큐 / 한산이가,드라마,9.97591,전체연령가,"['드라마', '사이다', '현대판타지', '현대', '직업드라마', 'sf', '의학드라마', '소설원작']"
FRIDAY,천중용문,김언 / 묵지 / 군주,무협,9.37655,전체연령가,"['무협/사극', '사이다', '무협/사극', '먼치킨', '소설원작']"
FRIDAY,열렙전사 3부,김세훈,액션,9.72231,15세 이용가,"['액션', '열혈', '게임', '소년물', '모험', '성장물', '고인물', '게임판타지', '먼치킨']"
FRIDAY,문제적 왕자님,선인장 / 솔체,순정,9.96027,15세 이용가,"['로맨스', '로맨스코미디', '로판', '소설원작']"
FRIDAY,돈구멍,박성현,스릴러,9.88925,15세 이용가,"['스릴러', '사이다', '고자극스릴러', '자극적인', '시리어스', '피카레스크', '범죄', '하이퍼리얼리즘', '머니게임']"
FRIDAY,죽지 않으려면,파래 / 임진국,액션,9.89062,15세 이용가,"['액션', '사이다', '학원액션', '성장물', '환골탈태', '격투기', '블루스트링', '학원물', '복수극', '느와르']"
FRIDAY,"언니, 이번 생엔 내가 왕비야",Omin / 트리플라인 / 레팔진프,순정,9.96655,15세 이용가,"['로맨스', '레드아이스 스튜디오', '사이다', '서양', '가족', '혐관', '왕족/귀족', '공식미남', '햇살남', '능력남', '순정남', '능력녀', '햇살캐', '다정남', '계략녀', '혐관로맨스', '회귀', '복수극', '로판', '소설원작']"
FRIDAY,연애의 기록,베어리,드라마,9.20303,15세 이용가,['드라마']
FRIDAY,히어로 킬러,꿀벌 / 벌꿀,액션,9.96098,15세 이용가,"['액션', '사이다', '현대판타지', '자극적인', '현대', '이능력', '악역이주인공', '빌런', '참교육', '범죄', '이능력배틀물', '걸크러시']"
FRIDAY,고구려 태왕미천,김진명 / 이동욱,무협,9.83218,15세 이용가,"['무협/사극', '전쟁', '요즘핫한추천작', '역사물', '소년왕도물', '두뇌싸움']"
FRIDAY,펜홀더,이은재,스포츠,9.93451,12세 이용가,"['스포츠', '열혈', '우정', '라이벌', '청춘', '성장물', '학원물', '성장드라마', '소년왕도물', '스포츠성장']"
FRIDAY,서울역 드루이드,문성호 / 활성곰 / 진설우,판타지,9.81127,15세 이용가,"['판타지', '사이다', '현대판타지', '현대', '게임', '상태창', '크리처', '액션', '차원이동', '헌터물', '이세계', '동물', '먼치킨', '소설원작']"
FRIDAY,사자의 서,랑또 / 키로,판타지,9.97137,18세 이용가,"['판타지', '자극적인', '시리어스', '절망적인', '동양', '크리처', '액션', '스릴러', '요즘핫한추천작', '성장물', '세계관', '오컬트', '동양풍판타지', '인외존재', '성장드라마', '다크판타지', '성인웹툰']"
FRIDAY,스틸링,정서,스릴러,9.95215,18세 이용가,"['스릴러', '고자극스릴러', '오컬트판타지', '중세', '서양', '크리처', '미스터리', '공포', '오컬트', '성인웹툰']"
FRIDAY,말년용사,후딩 / 신마니,판타지,9.94482,15세 이용가,"['판타지', '액션판타지', '신화', '액션', '개그', '2020 지상최대공모전', '4차원', '밀리터리', '회귀', '이능력배틀물', '이세계']"
FRIDAY,아르마딜로,허5파6,드라마,9.96305,전체연령가,"['드라마', '감성적인', '공감', '사회고발', '우정', '가족', '성장물', '힐링', '하이퍼리얼리즘', '성장드라마', '공감성수치', '감성드라마']"
FRIDAY,고결하고 천박한 그대에게,물만물 / 혜성 / 백묘,순정,9.8526,15세 이용가,"['로맨스', '치명적인', '서양', '정치', '왕족/귀족', '공식미남', '유혹남', '능력녀', '요즘핫한추천작', '회귀', '복수극', '소설원작']"
FRIDAY,저승파견고용직,호리,판타지,9.91314,15세 이용가,"['판타지', '현대판타지', '오컬트판타지', '판타지', '가벼운', '성장물', '오컬트', '4차원', '동양풍판타지', '인외존재', '성장드라마']"
FRIDAY,새동네,림스,스릴러,9.95096,15세 이용가,"['스릴러', '고자극스릴러', '액션', '참교육', '범죄', '힘숨찐', '서스펜스', '느와르']"
FRIDAY,도깨비의 밤,문식 / 도올,액션,9.9399,15세 이용가,"['액션', '서양', '현대', '동양', '신화', '이능력', '배틀', '소년물', '크리처', '판타지', '성장물', '환골탈태', '오컬트', '이능력배틀물', '이세계', '인외존재']"
FRIDAY,당신의 외도,나나은,드라마,9.2429,15세 이용가,"['드라마', '고자극드라마', '자극적인', '결혼생활', '가족', '중년', '서스펜스']"
FRIDAY,시체들의 전쟁,마요너구리,판타지,9.9384,15세 이용가,"['판타지', '액션판타지', '열혈', '배틀', '소년물', '액션', '판타지', '성장물', '소년왕도물']"
FRIDAY,당신이 움켜쥔 밤,캐시 / 시유애린,순정,9.82341,15세 이용가,"['로맨스', '재벌남', '계략남', '사연녀', '고자극로맨스', '구원서사', '소설원작']"
FRIDAY,도무지 그애는,"게코, 시노키오 / 게코",드라마,9.97477,12세 이용가,"['드라마', '공감', '청춘', '일상', '성장물', '힐링', '직업드라마']"
FRIDAY,플레이어,박종석 / 오현준,액션,9.93074,15세 이용가,"['액션', '액션판타지', '소년물', '판타지', '가벼운', '게임판타지', '힘숨찐', '하이틴', '이능력배틀물', '빙의', '먼치킨']"
FRIDAY,폭군님은 착하게 살고 싶어,람글 / 카콘,순정,9.97167,15세 이용가,"['로맨스', '순진남', '성장로판', '서양', '마법', '왕족/귀족', '공식미남', '햇살남', '순정남', '짝사랑녀', '성장물', '햇살캐', '육아물', '회귀', '직진남']"
FRIDAY,하남자,곽백수,드라마,9.40139,15세 이용가,"['드라마', '리얼로맨스', '과거', '캠퍼스', '후회남', '회귀', '캠퍼스로맨스', '삼각관계', '레트로', '공감성수치']"
FRIDAY,아티팩트 먹는 플레이어,벤티 / 기인,판타지,9.6796,15세 이용가,"['판타지', '사이다', '액션판타지', '게임판타지', '먼치킨', '소설원작']"
FRIDAY,남궁세가 비인격,해사,무협,9.44924,15세 이용가,"['무협/사극', '사이다', '동양', '액션', '성장물', '동양풍판타지', '회귀', '판무', '복수극']"
FRIDAY,초등생활 그림일기,은꼼지,일상,9.96479,전체연령가,"['일상', '공감', '감성', '일상', '연애/결혼공감', '가벼운', '개그', '무해한', '러블리', '힐링', '육아물']"
FRIDAY,여동생은 오늘 밤 나를 간택한다,네온비 / 도달,순정,9.96403,15세 이용가,"['로맨스', '까칠녀', '자극적인', '치명적인', '가족', '무심남', '재벌남', '집착남', '직진녀', '능력녀', '재벌', '다정남', '집착물', '고자극로맨스', '계략녀', '역하렘', '걸크러시', '까칠남']"
FRIDAY,성북구 비둘기 이헌서,허새보,개그,9.96799,전체연령가,"['개그', '판타지개그', '공감', '캠퍼스', '현대', '청춘', '병맛', '가벼운', '2023 지상최대공모전', '개그', '4차원', '빙의', '동물']"
FRIDAY,그 기사가 레이디로 사는 법,아인 / Ink. / 성혜림,판타지,9.96321,전체연령가,"['판타지', '혐관로맨스', '삼각관계', '빙의', '로판', '소설원작']"
FRIDAY,그 헌터는 임대 아파트에 산다,김형사 / 진보람,판타지,9.70042,15세 이용가,"['판타지', '현대판타지', '판타지', '요즘핫한추천작', '환골탈태', '세계관', '히어로', '헌터물', '성장드라마', '걸크러시', '소설원작']"
FRIDAY,킬 더 드래곤,현가 / 미스 지수 / 백수귀족,액션,9.94271,15세 이용가,"['액션', '레드아이스 스튜디오', 'SF액션', '미래', '이능력', '소년물', '전쟁', '크리처', '아카데미물', '밀리터리', 'sf', '헌터물', '두뇌싸움', '소설원작']"
FRIDAY,남편은 한 명으로 족하다,고선영,순정,9.92876,15세 이용가,"['로맨스', '자극적인', '치명적인', '서양', '게임', '왕족/귀족', '무심남', '순정남', '계략남', '집착남', '나쁜남자', '공식미녀', '역하렘', '빙의', '로판', '구원서사']"
FRIDAY,파티에서 추방된 영웅이 너무 뛰어남,꿀범 / 민선 / 블루클리프,판타지,9.5166,12세 이용가,"['판타지', '사이다', '이능력', '배틀', '고인물', '힘숨찐', '헌터물', '이능력배틀물', '인외존재', '먼치킨', '소설원작']"
FRIDAY,천재 배우의 아우라Aura,기매 / 감차 / 글술술,드라마,9.92244,전체연령가,"['드라마', '고인물', '타임슬립', '직업드라마', '회귀', '연예계', '성장드라마', '빙의', '소설원작']"
FRIDAY,사냥개의 회귀본능,아크로 / 스튜디오 W,판타지,9.60509,15세 이용가,"['판타지', '중세판타지액션', '시리어스', '서양', '액션', '고인물', '회귀', '복수극', '먼치킨', '소설원작']"
FRIDAY,몽홀,장태산,무협,9.89551,전체연령가,"['무협/사극', '역사판타지', '시리어스', '절망적인', '과거', '소년물', '모험', '전쟁', '정치', '역사물', '세계관']"
FRIDAY,단둘이는 안 돼!,멜로로,순정,9.90086,전체연령가,"['로맨스', '햇살남', '소심녀', '무해한', '다정남', '하이틴', '학원로맨스', '학원물', '청춘로맨스', '친구>연인']"
FRIDAY,보이스피싱인데 인생역전,왓더헬 / 장탄,드라마,9.7969,15세 이용가,"['드라마', '인생역전', '참교육', '하이퍼리얼리즘', '연예계', '성장드라마', '복수극', '두뇌싸움', '소설원작']"
FRIDAY,암살청과,나락 / 군다,개그,9.80891,12세 이용가,"['개그', '블랙코미디', '현대', '액션', '병맛', '성장물', '범죄', '4차원', '느와르']"
FRIDAY,센스제로,구리,순정,9.95428,15세 이용가,"['로맨스', '순진녀', '로맨틱코미디', '가벼운', '햇살캐', '짝사랑', '4차원', '친구>연인', '삼각관계', '공감성수치']"
FRIDAY,흑요석의 신부,왕보라청푸름 / 팀 쿼츠,순정,9.87179,15세 이용가,"['로맨스', '순진녀', '능력녀', '로맨틱코미디', '미스터리', '사연녀', '요즘핫한추천작', '서바이벌', '로판']"
FRIDAY,그렇게 물거품이 되어도,다홍,판타지,9.97917,전체연령가,"['판타지', '모험', '크리처', '성장물', '무해한', '힐링', '아포칼립스', 'sf', '인외존재', '구원서사', '감성드라마']"
FRIDAY,만두 생활기록부,킹만두,일상,9.89881,전체연령가,"['일상', '2024 연재직행열차', '일상개그힐링', '일상', '가벼운', '개그', '4차원', '하이퍼리얼리즘', '공감성수치']"
FRIDAY,뼈왕,유성연,판타지,9.96302,12세 이용가,"['판타지', '판타지개그', '중세', '서양', '이능력', '모험', '병맛', '가벼운', '개그', '차원이동', '4차원', '이세계']"
FRIDAY,조선왕비 간택사건,강다혜 / 월우,순정,9.8733,12세 이용가,"['로맨스', '동양풍로맨스', '시대물', '능글남', '능력녀', '무협/사극', '소설원작']"
FRIDAY,명품시대,곽경택 / 이현세,드라마,9.84745,15세 이용가,"['드라마', '레드아이스 스튜디오', '고자극드라마', '자극적인', '피카레스크', '범죄', '느와르']"
FRIDAY,세자와 세자빈의 계약혼인전,산삼,드라마,9.96585,전체연령가,"['드라마', '동양풍로맨스', '동양', '결혼생활', '왕족/귀족', '사연남', '명랑녀', '가벼운', '사연녀', '개그', '궁중로맨스', '4차원', '계약연애', '걸크러시']"
FRIDAY,소곤소곤2,옛사람,드라마,9.96236,15세 이용가,"['드라마', '감성적인', '시리어스', '옴니버스', '스릴러', '오컬트', '괴담', '감성드라마']"
FRIDAY,예쁘세요,묘이 / 초하루,순정,9.77508,15세 이용가,"['로맨스', '설렘폭발', '햇살남', '공식미녀', '판타지', '아이돌', '러블리', '인플루언서', '빙의']"
FRIDAY,"꿇어보세요, 대공님!",가천가 / 콩삼 / 재겸,순정,9.89187,전체연령가,"['로맨스', '사이다', '명랑녀', '로맨틱코미디', '혐관로맨스', '선결혼후연애', '까칠남', '소설원작']"
FRIDAY,못난이 콤플렉스,권자몽 / 사요새 / 은WOO,순정,9.79235,12세 이용가,"['로맨스', '평범녀', '인소감성', '학원로맨스', '직진남', '소설원작']"
FRIDAY,야수라는 공작에게 시집왔는데,나양 / 김승혁 / 박약초,순정,9.93551,12세 이용가,"['로맨스', '설렘폭발', '서양', '결혼생활', '왕족/귀족', '순정남', '햇살녀', '소심녀', '순진녀', '다정녀', '로맨틱코미디', '가벼운', '햇살캐', '러블리', '다정남', '선결혼후연애', '로판', '소설원작']"
FRIDAY,천재의 신들린 게임방송,LICO / OPST / 믿고보는,판타지,9.87025,15세 이용가,"['판타지', '현대', '게임', '상태창', '크리처', '액션', '성장물', '고인물', '게임판타지', '인외존재', '인플루언서', '먼치킨', '소설원작']"
FRIDAY,아라드의 빛: 먼저 걷는 자,제갈복자 / 펑키크리처 / 이수백,판타지,9.84133,15세 이용가,"['판타지', '레드아이스 스튜디오', '사이다', '미친작화', '던전물', '고인물', '차원이동', '게임판타지', '빙의', '소설원작']"
FRIDAY,옹달샘 프로젝트,요다,개그,9.9426,전체연령가,"['개그', '일상개그힐링', '판타지개그', '감성적인', '우정', '가족', '라이벌', '개그', '무해한', '햇살캐', '힐링', '동물']"
FRIDAY,절세미남 망나니 해골 되다,이루다 / 김선용,판타지,9.90251,12세 이용가,"['판타지', '병맛', '개그', '환골탈태']"
FRIDAY,달이 없는 나라,엥비,순정,9.97229,전체연령가,"['로맨스', '궁중로맨스', '2020 지상최대공모전', '퓨전사극', '성장드라마']"
FRIDAY,범상한 변호사의 아공간,혜낙 / 김리아 / 서칸더브이,판타지,9.37415,전체연령가,"['판타지', '사이다', '법정드라마', '직업드라마', '소설원작']"
FRIDAY,미드우트,원김,판타지,9.95365,15세 이용가,"['판타지', '액션판타지', '과거', '동양', '이능력', '마법', '크리처', '회귀', '헌터물', '복수극']"
FRIDAY,소년경찰,삼갱 / 지앤,액션,9.67154,15세 이용가,"['액션', '사이다', '학원액션', '액션']"
FRIDAY,염마라사,정국선,무협,9.77667,15세 이용가,"['무협/사극', '오컬트판타지', '액션판타지', '동양풍판타지']"
FRIDAY,훈녀생정,이체리,순정,9.79009,12세 이용가,"['로맨스', '로맨스', '인소감성', '로맨스코미디', '학원로맨스', '빙의', '레트로']"
FRIDAY,퇴출행성 세레나데,명명이,순정,9.90932,12세 이용가,"['로맨스', '2024 지상최대공모전', '연예계로맨스', '감성적인', '치명적인', '우정', '라이벌', '첫사랑', '혐관', '청춘', '공식미남', '헌신남', '짝사랑남', '사연남', '능력남', '재벌남', '순정남', '계략남', '집착남', '후회남', '나쁜남자', '평범녀', '순진녀', '로맨스', '사연녀', '아이돌', '후회물', '짝사랑', '아이돌연애', '혐관로맨스', '하이틴', '직진남', '재회', '연예계']"
FRIDAY,괴물 의상실,스페트,드라마,9.97022,전체연령가,"['드라마', '크리처', '판타지', '2022 최강자전', '성장물', '무해한', '최강자전', '힐링', '직업드라마', '이세계', '인외존재', '성장드라마', '감성드라마']"
FRIDAY,3분의 1이 없어도,당과,순정,9.89333,12세 이용가,"['로맨스', '리얼로맨스', '결혼생활', '우정', '명랑녀', '러블리', '다정남', '친구>연인', '선결혼후연애']"
FRIDAY,콜미로맨틱,최용성,스릴러,9.93024,15세 이용가,"['스릴러', '고자극스릴러', '집착남', '미스터리', '범죄', '집착물', '삼각관계', '서스펜스', '빙의', '걸크러시']"
FRIDAY,회귀자는 나만 지킨다,최원준 / 주진홍 / 미도,판타지,9.60938,15세 이용가,"['판타지', '데스게임', '아포칼립스', '회귀', '히어로', '소설원작']"
FRIDAY,백년게임,하람 / 지야,판타지,9.8275,12세 이용가,"['판타지', '미래', '신화', '게임', '배틀', '성장물', '서바이벌', '세계관', '게임판타지', '이능력배틀물', '소년왕도물']"
FRIDAY,들개,김판교,드라마,9.09992,15세 이용가,"['드라마', '절망적인', '사회고발', '가족', '드라마', '스릴러', '범죄', '학원물', '서스펜스', '감성드라마']"
FRIDAY,신이 내린 탑스타,권영준 / 쿠하 / 동전파스,드라마,9.94731,15세 이용가,"['드라마', '오컬트판타지', '동양', '인생역전', '성장물', '고인물', '후회물', '직업드라마', '오컬트', '동양풍판타지', '연예계', '소설원작']"
FRIDAY,별의 눈동자,백원달,드라마,9.76709,15세 이용가,"['드라마', '현대판타지', '감성적인', '눈물샘자극', '미래', '로맨스', '드라마', 'sf', '인외존재', '감성드라마']"
FRIDAY,존 웹스터 도난 사건,김본부 / 한톨,드라마,9.10931,전체연령가,"['드라마', '우정', '가족', '음악', '학원물', '성장드라마', '감성드라마']"
THURSDAY,나노마신,현절무 / 금강불괴 / 한중월야,무협,9.85094,15세 이용가,"['무협/사극', '레드아이스 스튜디오', '사이다', '게임', '상태창', '참교육', 'sf', '판무', '이능력배틀물', '먼치킨', '소설원작']"
THURSDAY,마흔 즈음에,서쿤스,드라마,9.88718,15세 이용가,"['드라마', '2024 연재직행열차', '고자극드라마', '리얼로맨스', '공감', '평범남', '연애/결혼공감', '개그', '하이퍼리얼리즘']"
THURSDAY,육아일기,자까,일상,9.95993,전체연령가,"['일상', '공감', '결혼생활', '연애/결혼공감', '가벼운', '힐링', '친구>연인']"
THURSDAY,재벌집 막내아들,JP / 김병관 / 산경(山景),드라마,9.96623,12세 이용가,"['드라마', '고자극드라마', '오피스', '정치', '재벌', '타임슬립', '드라마&영화 원작웹툰', '회귀', '복수극', '빙의', '두뇌싸움', '소설원작']"
THURSDAY,"송이연 50살, 이혼 한 달 차",인유유,드라마,9.77081,15세 이용가,"['드라마', '2024 연재직행열차', '자극적인', '중년', '감성', '연애/결혼공감', '감성드라마']"
THURSDAY,무사만리행,운 / 배민기,무협,9.93509,15세 이용가,"['무협/사극', '성장물', '퓨전사극', '판무', '먼치킨']"
THURSDAY,할배무사와 지존 손녀,신의철 / 김명현 / 일향(一向),무협,9.96858,전체연령가,"['무협/사극', '정통무협', '모험', '가족', '액션', '성장물', '고인물', '육아물', '먼치킨', '소설원작']"
THURSDAY,"풍작이에요, 마왕님!",이현민 / 여강현 / 문백경,판타지,9.97402,전체연령가,"['판타지', '농사', '판타지개그', '세계관', '게임판타지', '이세계', '소설원작']"
THURSDAY,게임 속 바바리안으로 살아남기,팀 더 지크 / MIDNIGHT STUDIO / 정윤강,판타지,9.96377,15세 이용가,"['판타지', '게임', '생존', '액션', '판타지', '지금추천작', '서바이벌', '차원이동', '게임판타지', '인외존재', '빙의', '소설원작']"
THURSDAY,구세라,승 / 한기쁨,액션,9.79452,15세 이용가,"['액션', '학원액션', '개그', '짝사랑', '걸크러시']"
THURSDAY,작두,232 / POGO,판타지,9.92982,15세 이용가,"['판타지', '동양', '신화', '이능력', '액션', '미친작화', '성장물', '세계관', '판무', '인외존재', '소년왕도물']"
THURSDAY,마도귀환록,사월 / MISANG / 한유림,무협,9.85502,15세 이용가,"['무협/사극', '소설원작']"
THURSDAY,정글쥬스,형은 / 쥬더,액션,9.94051,15세 이용가,"['액션', '현대판타지', '열혈', '캠퍼스', '현대', '이능력', '배틀', '슈퍼스트링', '이능력배틀물', '인외존재', '인플루언서', '동물', '먼치킨', '감염']"
THURSDAY,현실퀘스트,이주운 / 태성,액션,9.83116,15세 이용가,"['액션', '게임판타지', '회귀', '학원물']"
THURSDAY,나 혼자 네크로맨서,김경열 / 김동준 / 지점장,판타지,9.94386,12세 이용가,"['판타지', '현대', '상태창', '크리처', '아포칼립스', '이능력배틀물', '먼치킨', '소설원작']"
THURSDAY,내향남녀,나,순정,9.96979,전체연령가,"['로맨스', '설렘폭발', '우정', '청춘', '소심남', '소심녀', '힐링', '학원로맨스', '청춘로맨스', '구원서사']"
THURSDAY,버려진 나의 최애를 위하여,류호 / 기묭 / 김선유,순정,9.97115,15세 이용가,"['로맨스', '사이다', '서양', '결혼생활', '왕족/귀족', '사연남', '직진녀', '능력녀', '회귀', '선결혼후연애', '복수극', '빙의', '로판', '소설원작']"
THURSDAY,회귀한 천재 헌터의 슬기로운 청소생활,고일고일 / 달비트,판타지,9.85419,전체연령가,"['판타지', '사이다', '현대판타지', '현대', '액션', '참교육', '회귀', '헌터물', '두뇌싸움', '먼치킨', '소설원작']"
THURSDAY,지는 쪽이 영부인,최유진 / 강지영,순정,9.83269,12세 이용가,"['로맨스', '현대', '결혼생활', '정치', '라이벌', '직업드라마']"
THURSDAY,쓰레기의 법칙,서연,순정,9.84591,15세 이용가,"['로맨스', '설렘폭발', '캠퍼스', '능글남', '소심녀', '순진녀', '로맨스', '러블리', '폭스남', '전남친', '청춘로맨스', '캠퍼스로맨스', '삼각관계']"
THURSDAY,당신의 살인을 위하여,세윤 / 징크,드라마,9.92315,18세 이용가,"['드라마', '고자극드라마', '자극적인', '절망적인', '치명적인', '악역이주인공', '스릴러', '성인웹툰']"
THURSDAY,종말에서 살아남기,송,판타지,9.86886,15세 이용가,"['판타지', '시리어스', '생존', '크리처', '액션', '스릴러', '서바이벌', '2021 지상최대공모전', '아포칼립스', '인외존재', '서스펜스']"
THURSDAY,가족같은 XX,서우현,순정,9.9381,15세 이용가,"['로맨스', '연예계로맨스', '햇살남', '능력남', '유혹남', '순정남', '공식미녀', '직진녀', '능력녀', '햇살캐', '2020 지상최대공모전', '계약연애', '연예계', '삼각관계']"
THURSDAY,시한부 천재 암흑기사,판테라 / 나기 / 정선율,판타지,9.80976,전체연령가,"['판타지', '게임', '상태창', '마법', '악역이주인공', '아카데미물', '지금추천작', '게임판타지', '빙의', '먼치킨', '소설원작']"
THURSDAY,오늘의 한요일은 여자다,송극장,드라마,9.88889,15세 이용가,"['드라마', '하렘', '러브코미디', '설렘폭발', '요즘핫한추천작', '아이돌', '환골탈태', '하이틴', '성장드라마']"
THURSDAY,삼이는 재생한다,강은영,순정,9.97834,12세 이용가,"['로맨스', '청춘', '무심남', '명랑녀', '무심녀', '가벼운', '사연녀', '러블리', '재벌', '폭스남', '힐링', '학원로맨스', '학원물', '직진남', '청춘로맨스', '삼각관계', '성장드라마']"
THURSDAY,국세청 망나니,스튜디오 웨이브 / 동면거북이,드라마,9.93716,전체연령가,"['드라마', '사이다', '현대판타지', '현대', '사회고발', '이능력', '정치', '참교육', '직업드라마', '복수극', '소설원작']"
THURSDAY,사시미 한 자루로 아카데미를 씹어먹음,GMAN / 탕아후루,판타지,9.93486,15세 이용가,"['판타지', '게임', '상태창', '이능력', '소년물', '아카데미물', '성장물', '세계관', '게임판타지', '헌터물', '인외존재', '빙의', '먼치킨', '소설원작']"
THURSDAY,쿠베라,카레곰,판타지,9.96436,전체연령가,"['판타지', '절망적인', '신화', '마법', '크리처', '로맨스', '판타지', '세계관', '인외존재', '복수극', '다크판타지']"
THURSDAY,검은 머리 영국 의사,이유수 / 오첸 / 한산이가,드라마,9.94743,15세 이용가,"['드라마', '중세', '과거', '서양', '시대물', '우정', '환생', '햇살남', '드라마', '미친작화', '역사물', '타임슬립', '직업드라마', '의학드라마', '소설원작']"
THURSDAY,복학생,각설이,액션,9.83589,15세 이용가,"['액션', '학원액션', '복수극', '느와르']"
THURSDAY,괴물들의 장의사,타쿵이,판타지,9.88209,15세 이용가,"['판타지', '감성적인', '생존', '판타지', '아포칼립스']"
THURSDAY,백투더찬비,장사휘,순정,9.44072,전체연령가,"['로맨스', '청춘', '순정남', '명랑녀', '로맨틱코미디', '가벼운', '러블리', '짝사랑', '하이틴', '학원로맨스', '학원물', '청춘로맨스']"
THURSDAY,김오진과 이상한 동물들,기선 / 필살린,판타지,9.95971,전체연령가,"['판타지', '개그', '힐링', '이세계', '동물']"
THURSDAY,최강전설 강해효,최병열,액션,9.56095,15세 이용가,"['액션', '학원액션', '소년물', '참교육', '성장물', '격투기', '학원물', '복수극', '먼치킨']"
THURSDAY,껍데기,도노,스릴러,9.7094,15세 이용가,"['스릴러', '고자극스릴러', '절망적인', '현대', '스릴러', '학원물']"
THURSDAY,저승사자:제령무사,웨방상,무협,9.90819,15세 이용가,"['무협/사극', '오컬트판타지', '액션', '2023 지상최대공모전', '성장물', '세계관', '오컬트', '동양풍판타지', '복수극']"
THURSDAY,천사개와 악마캣,잇선,일상,9.89675,12세 이용가,"['일상', '일상개그힐링', '공감', '우정', '청춘', '평범녀', '개그', '무해한', '힐링', '성장드라마', '동물']"
THURSDAY,천마님 안마하신다,이석준 / 소소 / 레빗토끼,판타지,9.92994,12세 이용가,"['판타지', '감성적인', '동양', '가벼운', '개그', '성장물', '힐링', '직업드라마', '성장드라마', '빙의', '소설원작']"
THURSDAY,오빠세끼,올리브유,일상,9.87138,전체연령가,"['일상', '하이틴', '학원로맨스', '삼각관계']"
THURSDAY,이게 웬 떡,박쓰담,순정,9.91245,전체연령가,['로맨스']
THURSDAY,일립예고 학생들,백본,드라마,9.97198,전체연령가,"['드라마', '감성적인', '우정', '공식미녀', '미친작화', '2022 지상최대공모전', '학원물', '성장드라마', '감성드라마']"
THURSDAY,규격 외 혈통 천재,초멍 / 피콕 / 소울풍,판타지,9.61649,12세 이용가,"['판타지', '사이다', '현대판타지', '현대', '오피스', '이능력', '크리처', '액션', '가벼운', '개그', '성장물', '세계관', '이세계', '인외존재', '먼치킨', '소설원작']"
THURSDAY,룸비니,"박만사, 약수 / 약수",스릴러,9.73981,15세 이용가,"['스릴러', '사이다', '고자극스릴러', '자극적인', '시리어스', '동양', '요즘핫한추천작', '지금추천작', '오컬트', '서스펜스', '사이비종교', '먼치킨']"
THURSDAY,게임 최강 트롤러,박종석 / YATO / 군만두먹자,판타지,9.90909,15세 이용가,"['판타지', '서양', '게임', '상태창', '악역이주인공', '크리처', '성장물', '게임판타지', '인외존재', '먼치킨', '소설원작']"
THURSDAY,불효자,정찬,액션,9.86044,15세 이용가,"['액션', '시리어스', '정치', '가족', '재벌', '복수극', '느와르']"
THURSDAY,배드 본 블러드,호박새 / D-Park / 백수귀족,판타지,9.95302,15세 이용가,"['판타지', '레드아이스 스튜디오', 'SF액션', '배틀', '소년물', '전쟁', '액션', '미친작화', '지금추천작', '성장물', '세계관', 'sf', '서스펜스', '구원서사', '소설원작']"
THURSDAY,관계중독,오얏,스릴러,9.28168,15세 이용가,"['스릴러', '고자극스릴러', '자극적인', '시리어스', '집착남', '나쁜남자', '미스터리', '집착물', '학원물', '서스펜스']"
THURSDAY,후회조차 사치인 당신들에게,LICO / 요정용,순정,9.95595,15세 이용가,"['로맨스', '서양', '결혼생활', '나쁜남자', '드라마', '사연녀', '타임슬립', '고자극로맨스', '선결혼후연애', '복수극', '로판', '소설원작']"
THURSDAY,정의구현,"이시현, MAJOR / 이시현",액션,9.78653,15세 이용가,['액션']
THURSDAY,마왕까지 한 걸음,윤홍,판타지,9.96871,15세 이용가,"['판타지', '중세판타지액션', '서양', '크리처', '액션', '가벼운', '개그', '성장물', '세계관', '힘숨찐', '걸크러시']"
THURSDAY,검은 늑대가 나를 부르면,해민 / 낑깡 / 임혜,순정,9.94828,15세 이용가,"['로맨스', '동양풍로맨스', '동양', '능글남', '집착남', '나쁜남자', '다정남', '차원이동', '동양풍판타지', '회귀', '소설원작']"
THURSDAY,경계선,파트 / 꿀봉이 / 피숙혜,순정,9.8724,15세 이용가,"['로맨스', '러브코미디', '리얼로맨스', '설렘폭발', '현대', '가족', '첫사랑', '청춘', '짝사랑남', '무심남', '재벌남', '나쁜남자', '연하남', '명랑녀', '연상녀', '로맨틱코미디', '인소감성', '소설원작']"
THURSDAY,보스였음,"박만사, 럭스 / 럭스",액션,9.91489,15세 이용가,"['액션', '현대판타지', '현대', '악역이주인공', '빌런', '힘숨찐', '헌터물', '이능력배틀물', '인외존재', '다크히어로']"
THURSDAY,종이호랑이,"몹시찰진우럭 / 몹시찰진우럭,영목",액션,9.95693,15세 이용가,"['액션', '액션', '무협/사극']"
THURSDAY,모두가 그녀를 사랑해,스리라챠 / 지민,스릴러,9.88232,15세 이용가,"['스릴러', '마법', '액션', '스릴러', '요즘핫한추천작', '먼치킨']"
THURSDAY,신의 요리,차정평 / 레블스튜디오,판타지,9.65592,15세 이용가,"['판타지', '열혈', '배틀', '우정', '요즘핫한추천작', '성장물', '음식&요리', '먼치킨']"
THURSDAY,첫눈에 반한 건 아니지만,아임,순정,9.88941,15세 이용가,"['로맨스', '리얼로맨스', '미스터리', '재벌', '서스펜스', '까칠남']"
THURSDAY,골레이로,이난 / 채키,스포츠,9.87209,12세 이용가,"['스포츠', '열혈', '소년물', '우정', '청춘', '성장물', '축구', '학원물', '스포츠성장']"
THURSDAY,풀 보이,커북이,스포츠,9.85527,12세 이용가,"['스포츠', '2024 연재직행열차', '감성적인', '청춘', '짝사랑남', '감성', '스포츠', '무해한', '학원물', '스포츠성장']"
THURSDAY,공작가의 남장 하인이 되었다,HBR / 갸우 / 메이비Y,순정,9.9399,전체연령가,"['로맨스', '왕족/귀족', '명랑녀', '성장물', '러블리', '빙의', '로판', '소설원작']"
THURSDAY,수트빨,김꿀빨 / 이세형,액션,9.17478,15세 이용가,"['액션', '액션판타지', '현대', '배틀', '소년물']"
THURSDAY,24시간 미남,모미,순정,9.92708,전체연령가,"['로맨스', '캠퍼스', '청춘', '로맨틱코미디', '로맨스', '러블리', '동아리', '환골탈태', '최강자전', '청춘로맨스', '친구>연인', '캠퍼스로맨스']"
THURSDAY,웨폰 크리에이터,조재은 / 보램,판타지,9.74413,12세 이용가,"['판타지', '요즘핫한추천작', '게임판타지']"
THURSDAY,새까만 순정일지,용현 / 태양신,순정,9.94457,15세 이용가,"['로맨스', '로맨스', '로맨스코미디', '캠퍼스로맨스', '역하렘']"
THURSDAY,노키즈존,멤메머신 / 오른손,판타지,9.93654,전체연령가,"['판타지', '생존', '이능력', '아포칼립스']"
THURSDAY,사랑하는 여름 하늘,소장,순정,9.92887,전체연령가,"['로맨스', '현대', '우정', '혐관', '청춘', '성장물', '다정남', '혐관로맨스', '하이틴', '학원로맨스', '학원물', '청춘로맨스', '감성드라마']"
THURSDAY,쌍둥이 영애가 남장을 하는 이유,Amamiya Ley. / MONA,판타지,9.86266,12세 이용가,"['판타지', '서양', '왕족/귀족', '짝사랑남', '계략남', '집착남', '나쁜남자', '인소감성', '해외작품', '다정남', '학원로맨스', '직진남', '역하렘', '로판', '걸크러시']"
THURSDAY,검은 인어,또각,드라마,9.93225,15세 이용가,"['드라마', '감성적인', '우정', '사연녀', '성장물', '학원물', '인외존재', '복수극', '구원서사', '감성드라마']"
THURSDAY,특급 계약 결혼의 말로,구당 / 꾸왕 / 션킴,순정,9.91477,전체연령가,"['로맨스', '서양', '마법', '왕족/귀족', '공식미남', '명랑녀', '능력녀', '개그', '로맨스코미디', '혐관로맨스', '선결혼후연애', '로판', '까칠남', '소설원작']"
THURSDAY,전생혈마,장작가 / 산천,판타지,9.46821,전체연령가,"['판타지', '액션판타지', '환생', '액션', '판타지', '성장물', '헌터물', '성장드라마', '소설원작']"
THURSDAY,마리오네타,미리암 보나스트레,판타지,9.97528,15세 이용가,"['판타지', '감성적인', '서양', '소년물', '모험', '혐관', '명랑녀', '미스터리', '성장물', '해외작품', '세계관', '혐관로맨스', '인외존재', '성장드라마', '감성드라마']"
THURSDAY,"전설의 헌터, 회춘하다",백영민 / BBing,판타지,8.9098,15세 이용가,"['판타지', '현대판타지', '현대', '액션', '고인물', '타임슬립', '회귀', '힘숨찐', '헌터물', '인외존재', '먼치킨', '소설원작']"
THURSDAY,티라노 노경수,힙합신선,드라마,9.94117,전체연령가,"['드라마', '일상개그힐링', '현대', '가족', '감성', '일상', '무해한', '러블리', '감성드라마']"
THURSDAY,흑역사가 역주행한다,이에프 / 쇼메,순정,9.94201,12세 이용가,"['로맨스', '로맨스', '인소감성', '인생역전', '다정남', '로맨스코미디', '회귀', '하이틴', '학원로맨스', '청춘로맨스', '친구>연인', '역하렘', '소설원작']"
THURSDAY,완벽한 예나,이겨울,순정,9.91,전체연령가,"['로맨스', '게임', '혐관', '무심남', '능력녀', '인소감성', '가벼운', '개그', '무해한', '러블리', '힐링', '하이틴', '학원로맨스', '학원물', '걸크러시', '까칠남']"
THURSDAY,내가 키운 미친개에게 감금당했다,한가가 / 최화인 / 은가빛,순정,9.8877,15세 이용가,"['로맨스', '자극적인', '치명적인', '집착남', '미친작화', '집착물', '고자극로맨스', '빙의', '로판', '소설원작']"
THURSDAY,수사9단0,김선권,스릴러,9.80718,15세 이용가,"['스릴러', '미스터리', '스릴러', '개그', '프리퀄', '직업드라마', '성장드라마']"
THURSDAY,만물의 영장,보민,개그,9.92773,전체연령가,"['개그', '판타지개그', '액션', '병맛', '4차원', '이능력배틀물', '인외존재', '소년왕도물', '동물', '먼치킨']"
THURSDAY,히든클래스 중력자로 최강을 노린다,네코코 / 치쿠와,판타지,8.77079,12세 이용가,"['판타지', '현대판타지', '현대', '소년물', '성장물', '해외작품', '고인물', '회귀', '헌터물', '인외존재', '먼치킨']"
THURSDAY,추억이 찾아오는 가게,꼬모소이,감성,9.97499,전체연령가,"['감성', '감성적인', '눈물샘자극', '공감', '무해한', '러블리', '힐링', '동물', '감성드라마']"
THURSDAY,어느 날 갑자기 최애가 생겼다,맛스타,순정,9.86933,12세 이용가,"['로맨스', '연예계로맨스', '로맨스', '아이돌', '아이돌연애', '연예계']"
THURSDAY,짐승같은 것들,김태희,순정,9.94609,15세 이용가,"['로맨스', '혐관', '유혹남', '로맨스', '고자극로맨스', '세계관', '혐관로맨스', '직진남']"
THURSDAY,미로 인 메모리,유이수,판타지,9.94184,12세 이용가,"['판타지', '현대판타지', '액션판타지', '판타지', '2023 지상최대공모전', '성장물']"
THURSDAY,보이는 사랑,소어링 / 낫쪼 / 강형민,순정,9.30806,12세 이용가,"['로맨스', '리얼로맨스', '혐관', '공식미남', '사연남', '나쁜남자', '직진녀', '로맨틱코미디', '사연녀', '혐관로맨스', '성장드라마', '까칠남', '소설원작']"
THURSDAY,2차전직 스킵용사,김장훈 / 박수봉,판타지,9.57722,15세 이용가,"['판타지', '사이다', '게임', '상태창', '크리처', '병맛', '가벼운', '게임판타지', '인외존재', '빙의', '먼치킨']"
THURSDAY,진짜가 나타난 날,은그루 / 유사빙 / 과앤,순정,9.89203,전체연령가,"['로맨스', '감성적인', '가족', '무심남', '후회남', '순진녀', '사연녀', '지금추천작', '로판', '소설원작']"
THURSDAY,랭커랑 연애가능,CHYA,순정,9.85129,12세 이용가,"['로맨스', '설렘폭발', '공감', '게임', '짝사랑남', '능글남', '능력녀', '가벼운', '폭스남', '게임판타지', '학원로맨스', '학원물', '친구>연인', '삼각관계']"
THURSDAY,카루나,강호진,판타지,9.82684,12세 이용가,"['판타지', '액션판타지', '신화', '배틀', '마법', '소년물', '모험', '성장물', '인외존재', '소년왕도물']"
THURSDAY,책상 낙서 티티,한짜장,드라마,9.88776,15세 이용가,"['드라마', '미스터리', '성장물', '4차원', '학원물', '인외존재', '성장드라마', '복수극']"
THURSDAY,크립티드,247,액션,9.74961,15세 이용가,"['액션', '현대판타지', '액션아포칼립스', 'SF액션', '액션판타지', '학원액션', '판타지개그', '현대', '생존', '데스게임', '소년물', '크리처', '액션', '판타지', '미친작화', '아포칼립스', 'sf', '힘숨찐', '학원물', '소년왕도물', '먼치킨']"
THURSDAY,지구대장님의 학교생활,기태온,액션,9.66053,15세 이용가,"['액션', '사이다', '액션판타지', '학원액션', '판타지', '이세계']"
THURSDAY,누가 어른 되면 다 된댔어?,정오,드라마,9.84832,12세 이용가,"['드라마', '예술', '리얼로맨스', '감성적인', '현대', '오피스', '청춘', '평범남', '명랑녀', '성장물', '다정남', '하이퍼리얼리즘', '성장드라마', '사내연애']"
THURSDAY,메리지 블루스,이순기 / 오정호,순정,9.86998,15세 이용가,"['로맨스', '러브코미디', '과거', '로맨틱코미디', '로맨스', '타임슬립']"
THURSDAY,유월의 소한,윤정민,순정,9.24533,전체연령가,"['로맨스', '동양풍로맨스', '과거', '동양', '정치', '왕족/귀족', '사연남', '순정남', '사연녀', '성장물', '계략녀', '퓨전사극', '재회', '복수극']"
THURSDAY,내가 싫어하는 남자친구,하늘,드라마,9.80083,전체연령가,"['드라마', '로맨스', '드라마', '성장물', '2022 지상최대공모전', '소꿉친구', '로맨스코미디', '학원로맨스', '학원물', '청춘로맨스', '성장드라마']"
THURSDAY,운명해주세요,노뱀,순정,9.87661,15세 이용가,"['로맨스', '계략남', '명랑녀', '2022 최강자전', '혐관로맨스']"
THURSDAY,어째서 모두가 나를 사랑하는 거야?!,김서린,드라마,9.74656,전체연령가,"['드라마', '상태창', '햇살녀', '드라마', '러블리', '학원물', '구원서사']"
THURSDAY,괴물의 바다,삼칠,판타지,9.26826,12세 이용가,"['판타지', '서양', '모험', '크리처', '우정', '판타지', '성장물', '햇살캐', '인외존재', '구원서사']"
THURSDAY,내 여자친구는 이세계 용사?!,사다함,개그,9.53462,전체연령가,"['개그', '판타지개그', '현대', '청춘', '로맨스', '판타지', '차원이동', '학원로맨스', '학원물', '청춘로맨스', '이세계', '걸크러시']"
THURSDAY,어느날 교주가 된다면,아이아리,드라마,9.5638,15세 이용가,"['드라마', '고자극드라마', '시리어스', '스릴러', '성장물', '복수극', '사이비종교', '두뇌싸움']"
THURSDAY,시프트,나는시주 / 대길 / 조예은,스릴러,9.4368,15세 이용가,"['스릴러', '미스터리', '스릴러', '범죄', '복수극', '사이비종교', '괴담', '소설원작']"
THURSDAY,다음 생에도 어린왕자,이렐,순정,9.8049,전체연령가,"['로맨스', '우정', '환생', '청춘', '로맨스', '성장물', '폭스남', '최강자전', '삼각관계']"
THURSDAY,첫날밤을 보낸 그 악녀를 찾습니다,은라겸 / 풀모,순정,9.96617,12세 이용가,"['로맨스', '서양', '악역이주인공', '왕족/귀족', '유혹남', '능글남', '명랑녀', '악녀', '다정남', '회귀', '직진남', '로판']"
SUNDAY,입학용병,YC / 락현,액션,9.9022,12세 이용가,"['액션', '사이다', '학원액션', '우정', '가족', '참교육', '밀리터리', '학원물', '먼치킨', '느와르']"
SUNDAY,기기괴괴2,오성대,스릴러,9.86085,15세 이용가,"['스릴러', '고자극스릴러', '자극적인', '참교육', '요즘핫한추천작', '후회물', '오컬트', '서스펜스', '괴담']"
SUNDAY,별이삼샵,혀노,드라마,9.9498,15세 이용가,"['드라마', '러브코미디', '우정', '청춘', '짝사랑남', '소심남', '평범남', '공식미녀', '철벽녀', '무심녀', '인소감성', '다정남', '하이틴', '학원로맨스', '학원물', '청춘로맨스', '레트로']"
SUNDAY,천화서고 대공자,128 / MIDNIGHT STUDIO / 김현영,무협,9.94805,15세 이용가,"['무협/사극', '사이다', '동양', '액션', '지금추천작', '판무', '빙의', '먼치킨', '소설원작']"
SUNDAY,일타강사 백사부,리메 / 드로우웨이즈 / 간짜장,무협,9.9338,12세 이용가,"['무협/사극', '소설원작']"
SUNDAY,개짓,"불사 / MUTE, 서인화 / 김영한",순정,9.87029,18세 이용가,"['로맨스', '소설원작', '성인웹툰']"
SUNDAY,문스트럭,젤리피쉬 / 영모,순정,9.94769,18세 이용가,"['로맨스', '예술', '고자극드라마', '자극적인', '중세', '악역이주인공', '로맨스', '미친작화', '고자극로맨스', '뱀파이어', '성인웹툰']"
SUNDAY,판사 이한영,문성호 / 전돌돌 / 이해날,드라마,9.94588,15세 이용가,"['드라마', '현대판타지', '현대', '사회고발', '판타지', '범죄', '법정드라마', '직업드라마', '회귀', '복수극', '소설원작']"
SUNDAY,고대동물기,고제형,드라마,9.96378,12세 이용가,"['드라마', '감성적인', '옴니버스', '무해한', '힐링', '육아물', '인외존재', '동물', '감성드라마']"
SUNDAY,소년교도소,청민 / 이수현,액션,9.72246,15세 이용가,"['액션', '가족', '혐관', '사연남', '참교육', '성장물', '범죄', '블루스트링', '혐관로맨스', '힘숨찐', '복수극', '느와르']"
SUNDAY,아카데미의 천재칼잡이,시치 / 서관도,판타지,9.88833,15세 이용가,"['판타지', '액션판타지', '마법', '크리처', '용사', '아카데미물', '고인물', '회귀', '인외존재', '먼치킨', '소설원작']"
SUNDAY,2회차 환관이 남성을 되찾음,LICO / 포스스튜디오 / 노빠꾸맨,판타지,9.88181,15세 이용가,"['판타지', '판타지개그', '판타지', '무협/사극', '세계관', '회귀', '판무', '소설원작']"
SUNDAY,나 혼자 특성빨로 무한 성장,지제로 / 2사랑 / 선운(鮮雲),판타지,9.32968,15세 이용가,"['판타지', '레드아이스 스튜디오', '사이다', '현대', '상태창', '마법', '크리처', '헌터물', '이능력배틀물', '인외존재', '먼치킨', '소설원작']"
SUNDAY,최후의 모험가,블루랍스터 / 솔티 독 / 디다트,판타지,9.8928,15세 이용가,"['판타지', '레드아이스 스튜디오', '마법', '모험', '크리처', '액션', '미친작화', '세계관', '회귀', '먼치킨', '다크판타지', '소설원작']"
SUNDAY,수희0(tngmlek0),생일기분,드라마,9.87497,12세 이용가,"['드라마', '고자극드라마', '자극적인', '시리어스', '공감', '사회고발', '인생역전', '하이퍼리얼리즘', '인플루언서']"
SUNDAY,러스트,제1벙커 / 얌츄 / 글라딘,액션,9.77748,18세 이용가,"['액션', '액션아포칼립스', '자극적인', '생존', '데스게임', '배틀', '액션', '참교육', '범죄', '고인물', '아포칼립스', '복수극', '먼치킨', '느와르', '소설원작', '성인웹툰']"
SUNDAY,사사똑,꼬마비,드라마,9.90114,15세 이용가,['드라마']
SUNDAY,여자사람친구,이상돌,순정,9.83639,15세 이용가,"['로맨스', '설렘폭발', '우정', '짝사랑남', '로맨틱코미디', '로맨스', '짝사랑', '로맨스코미디', '하이틴', '학원로맨스', '학원물', '청춘로맨스', '친구>연인']"
SUNDAY,분신으로 자동사냥,차씨 / 오팔 / 몽식夢食,판타지,9.82403,12세 이용가,"['판타지', '현대판타지', '현대', '상태창', '이능력', '소년물', '크리처', '액션', '성장물', '헌터물', '이세계', '소설원작']"
SUNDAY,레드셔츠,펀치킥,액션,9.79109,15세 이용가,"['액션', '전쟁', '액션', '미친작화', '요즘핫한추천작', '복수극', '먼치킨', '느와르']"
SUNDAY,내일,라마,드라마,9.97476,전체연령가,"['드라마', '사이다', '눈물샘자극', '현대', '사회고발', '가족', '판타지', '드라마&영화 원작웹툰', '인외존재', '감성드라마']"
SUNDAY,축구천재로 오해받는 중입니다,이보테 / 한명현,스포츠,9.91492,전체연령가,"['스포츠', '첫사랑', '축구', '스포츠성장', '먼치킨', '소설원작']"
SUNDAY,냉동무사,"토이, 박만사, 서행해주십시오 / 최용준",액션,9.55348,15세 이용가,"['액션', '현대판타지', '동양', '무협/사극', '판무', '복수극', '먼치킨']"
SUNDAY,천재 무림 트레이너,코울 / MIDNIGHT STUDIO / 크루크루,액션,9.93679,전체연령가,"['액션', '동양', '가벼운', '무협/사극', '고인물', '직업드라마', '동양풍판타지', '판무', '빙의', '먼치킨', '소설원작']"
SUNDAY,아카데미에 위장취업당했다,타나 / WAG / sayren,판타지,9.96698,12세 이용가,"['판타지', '아카데미물', '소설원작']"
SUNDAY,사부님들이 구독 중,하강호 / 김기백 / 흑야,액션,9.88375,전체연령가,"['액션', '소년물', '모험', '무협/사극', '성장물', '판무', '소설원작']"
SUNDAY,아마도 무적불패,2Poet,개그,9.45576,15세 이용가,"['개그', '하렘', '러브코미디', '판타지개그']"
SUNDAY,재벌의 품격,아쿠아콘 / 우주영 / 서인하,드라마,9.9215,전체연령가,"['드라마', '사이다', '현대', '오피스', '고인물', '재벌', '타임슬립', '환골탈태', '직업드라마', '회귀', '빙의', '두뇌싸움', '소설원작']"
SUNDAY,장풍전,신영우,액션,9.94523,15세 이용가,"['액션', '액션판타지', '열혈', '현대', '이능력', '성장물', '격투기', '느와르']"
SUNDAY,"고수, 후궁으로 깨어나다",LICO / 팀 설화 / 코양희,순정,9.94987,15세 이용가,"['로맨스', '동양풍로맨스', '동양', '왕족/귀족', '능력녀', '로맨틱코미디', '요즘핫한추천작', '다정남', '궁중로맨스', '직진남', '걸크러시', '소설원작']"
SUNDAY,소년법칙,"박만사, 병장, 해태 / 호인",액션,9.82908,15세 이용가,"['액션', '학원액션', '참교육', '성장물', '스핀오프', '힘숨찐', '학원물', '먼치킨', '느와르']"
SUNDAY,주먹 쓰는 천재 마법사,"팀 감자스콘 / 팀 감자스콘, 김민우 / 월천",액션,9.65877,15세 이용가,"['액션', '사이다', '액션판타지', '열혈', '중세', '마법', '모험', '격투기', '게임판타지', '빙의', '먼치킨', '소설원작']"
SUNDAY,환생좌,"ALLA, 아스트라페 / 아스트라페",액션,9.81458,15세 이용가,"['액션', '액션판타지', '신화', '상태창', '이능력', '크리처', '고인물', '아포칼립스', '회귀', '이세계', '인외존재', '먼치킨']"
SUNDAY,경자 전성시대,김호드,개그,9.88627,15세 이용가,"['개그', '열혈병맛개그', '오피스', '액션', '병맛', '가벼운', '격투기', '4차원', '역하렘', '먼치킨', '걸크러시']"
SUNDAY,솔플의 제왕,석신 / 은화26 / 디다트,판타지,9.78392,15세 이용가,"['판타지', '레드아이스 스튜디오', '사이다', '현대판타지', '액션판타지', '판타지개그', '열혈', '게임', '배틀', '빌런', '액션', '게임판타지', '회귀', '복수극', '소설원작']"
SUNDAY,오버 더 레인보우,지강아,드라마,9.82174,15세 이용가,"['드라마', '생존', '드라마', '스릴러', '아포칼립스', '좀비', '감염']"
SUNDAY,이웃집 연하,솜무 / 모지,순정,9.94954,15세 이용가,"['로맨스', '리얼로맨스', '현대', '순정남', '철벽녀', '다정남', '후회물', '직진남', '재회']"
SUNDAY,청춘계시록,한서,순정,9.96684,15세 이용가,"['로맨스', '청춘', '로맨틱코미디', '하이틴', '학원로맨스', '학원물', '청춘로맨스', '친구>연인', '사이비종교']"
SUNDAY,약빨이 신선함,용궁뎅이 / 벤 / 아로,판타지,9.93264,15세 이용가,"['판타지', '현대', '신화', '이능력', '크리처', '세계관', '동양풍판타지', '헌터물', '인외존재', '먼치킨', '소설원작']"
SUNDAY,죽거나 혹은 사랑에 빠지거나,허니비,순정,9.91051,18세 이용가,"['로맨스', '자극적인', '치명적인', '악역이주인공', '빌런', '스릴러', '범죄', '고자극로맨스', '서스펜스', '로판', '성인웹툰']"
SUNDAY,상사불상사,영하 / 공사,순정,9.9667,15세 이용가,"['로맨스', '리얼로맨스', '설렘폭발', '오피스', '무심남', '대형견남', '능력녀', '로맨틱코미디', '가벼운', '요즘핫한추천작', '오피스로맨스', '삼각관계']"
SUNDAY,지상낙원,달꼬냑,스릴러,9.88194,15세 이용가,"['스릴러', '고자극스릴러', '자극적인', '절망적인', '현대', '생존', '좀비', '감염']"
SUNDAY,어느날 갑자기 서울은,박창근,스릴러,9.86913,15세 이용가,"['스릴러', '액션아포칼립스', '자극적인', '시리어스', '현대', '크리처', '환골탈태', '2020 지상최대공모전', '아포칼립스', '좀비', '서스펜스', '감염']"
SUNDAY,남주의 정석,이온상,순정,9.91867,15세 이용가,"['로맨스', '리얼로맨스', '캠퍼스', '청춘', '헌신남', '성장물', '다정남', '청춘로맨스', '친구>연인', '캠퍼스로맨스']"
SUNDAY,원 앤 온리,임주이 / 로즈빈,순정,9.93448,15세 이용가,"['로맨스', '감성적인', '설렘폭발', '눈물샘자극', '오피스', '결혼생활', '가족', '첫사랑', '능력남', '후회남', '외유내강녀', '능력녀', '소설원작']"
SUNDAY,그레이마크,박태현,액션,9.9405,15세 이용가,"['액션', '사이다', '신화', '소년물', '성장물', '세계관', 'sf', '소년왕도물', '다크히어로', '먼치킨', '구원서사']"
SUNDAY,불완전 신데렐라물,꿀밤 / 조림,순정,9.97211,15세 이용가,"['로맨스', '결혼생활', '청춘', '집착남', '명랑녀', '철벽녀', '인소감성', '인생역전', '사연녀', '재벌', '오컬트', '청춘로맨스', '선결혼후연애', '구원서사']"
SUNDAY,모럴리스 스캔들,둥그라미 / 여슬기 / 달슬,순정,9.9454,15세 이용가,"['로맨스', '성장로판', '리얼로맨스', '자극적인', '절망적인', '치명적인', '서양', '결혼생활', '혐관', '왕족/귀족', '계략남', '집착남', '재벌녀', '소설원작']"
SUNDAY,"아임 파인 땡큐, 앤유?",벼락,순정,9.89333,15세 이용가,"['로맨스', '리얼로맨스', '설렘폭발', '캠퍼스', '현대', '청춘', '가벼운', '2023 지상최대공모전', '청춘로맨스', '친구>연인', '캠퍼스로맨스']"
SUNDAY,내 최애는 막차를 탄다,직씨,순정,9.96438,15세 이용가,"['로맨스', '2024 연재직행열차', '러브코미디', '설렘폭발', '청춘로맨스']"
SUNDAY,공정거래위원회,권오준 / taibogi / 현우,일상,9.8649,15세 이용가,"['일상', '사이다', '현대판타지', '오피스', '정치', '자본주의', '환생', '드라마', '두뇌싸움', '소설원작']"
SUNDAY,라이브의 짐승들,우남20,스릴러,8.86051,15세 이용가,"['스릴러', '고자극스릴러', '고자극드라마', '자극적인', '치명적인', '블랙코미디', '현대', '사회고발', '악역이주인공', '자본주의', '인생역전', '참교육', '피카레스크', '하이퍼리얼리즘', '인플루언서', '서스펜스', '복수극', '두뇌싸움', '머니게임']"
SUNDAY,조만국의 현대만화,조만국,드라마,9.71462,15세 이용가,"['드라마', '자극적인', '블랙코미디', '공감', '악역이주인공', '자본주의', '개그', '피카레스크']"
SUNDAY,두근두근 귀연시,동우,드라마,9.9238,15세 이용가,"['드라마', '하렘', '오컬트판타지', '게임', '상태창', '드라마', '사연녀', '성장드라마']"
SUNDAY,여우애담,이도광,순정,9.97568,15세 이용가,"['로맨스', '동양풍로맨스', '동양', '악역이주인공', '공식미남', '사연남', '햇살남', '연하남', '공식미녀', '유혹녀', '햇살캐', '다정남', '퓨전사극', '인외존재']"
SUNDAY,나는 참지 못한다,성현,스릴러,9.92314,18세 이용가,"['스릴러', '고자극스릴러', '자극적인', '블랙코미디', '참교육', '미스터리', '피카레스크', '범죄', '서스펜스', '성인웹툰']"
SUNDAY,던전짐꾼,나진수,판타지,9.85495,15세 이용가,"['판타지', '액션판타지', '중세판타지액션', '이능력', '마법', '소년물', '모험', '크리처', '우정', '용사', '판타지', '소년왕도물']"
SUNDAY,오!단군,이경탁 / 노미영,판타지,9.96977,12세 이용가,"['판타지', '로맨스', '액션', '가벼운', '개그', '오컬트', '동양풍판타지', '학원물', '인외존재', '동물']"
SUNDAY,마탑의 문제아들,샘미 / 영명 / 제리엠,판타지,9.88073,전체연령가,"['판타지', '액션판타지', '이능력', '마법', '소년물', '환생', '액션', '성장물', '세계관', '소설원작']"
SUNDAY,허리케인 공주님,랑또,개그,9.96652,전체연령가,"['개그', '열혈병맛개그', '이능력', '왕족/귀족', '병맛', '가벼운', '개그', '요즘핫한추천작', '성장물', '4차원', '학원물', '이세계', '걸크러시']"
SUNDAY,위닝샷!,강견 / 시바견,스포츠,9.94445,12세 이용가,"['스포츠', '열혈', '우정', '라이벌', '청춘', '성장물', '야구', '학원물', '스포츠성장']"
SUNDAY,노빠꾸 최하영,우엉이,액션,9.83595,12세 이용가,"['액션', '사이다', '학원액션', '우정', '참교육', '가벼운', '성장물', '학원물', '걸크러시']"
SUNDAY,고백대리,문조,순정,9.92287,12세 이용가,"['로맨스', '러브코미디', '햇살남', '연하남', '능력녀', '짝사랑', '로맨스코미디', '연상연하', '오피스로맨스']"
SUNDAY,흉가에 들어가면 안되는 이유,벽돌,스릴러,9.93394,15세 이용가,"['스릴러', '공포', '오컬트', '학원물', '다크판타지']"
SUNDAY,바바리안 영애,슬다 / 둠둠,개그,9.95774,전체연령가,"['개그', '열혈병맛개그', '서양', '왕족/귀족', '무심남', '능력남', '순정남', '명랑녀', '능력녀', '아카데미물', '병맛', '개그', '무해한', '러블리', '힐링', '4차원', '학원물', '걸크러시', '까칠남']"
SUNDAY,날의 뒤편에서.,d몬,드라마,9.94807,18세 이용가,"['드라마', '성인웹툰']"
SUNDAY,"그 머리 긴 선배, 이름이 뭐더라?",불관후,순정,9.90601,12세 이용가,"['로맨스', '순진남', '리얼로맨스', '캠퍼스', '청춘', '능글남', '얼빠녀', '철벽녀', '로맨틱코미디', '가벼운', '2022 지상최대공모전', '다정남', '폭스남', '4차원', '청춘로맨스', '캠퍼스로맨스']"
SUNDAY,살인예정자,유령아이 / 바밤,스릴러,9.89137,15세 이용가,"['스릴러', '고자극스릴러', '시리어스', '범죄', '다크히어로']"
SUNDAY,빙의자 베네핏이 없음,곽나나 / 설동원 / 혜녹,판타지,9.91854,전체연령가,"['판타지', '빙의', '로판', '걸크러시', '소설원작']"
SUNDAY,감정전이,향유,순정,9.95254,12세 이용가,"['로맨스', '캠퍼스', '청춘', '감성', '로맨스', '성장물', '청춘로맨스', '캠퍼스로맨스']"
SUNDAY,우아한 오브리,탄지 / 누르 / 김캐롤,순정,9.94561,15세 이용가,"['로맨스', '집착남', '무심녀', '재회', '로판', '까칠남', '소설원작']"
SUNDAY,지켜줄게!,무화,판타지,9.76495,15세 이용가,"['판타지', '액션아포칼립스', '액션판타지', '가족', '판타지', '드라마', '소꿉친구', '아포칼립스', '성장드라마', '다크판타지']"
SUNDAY,데빌샷,CTK,판타지,9.97407,15세 이용가,"['판타지', '현대', '서바이벌', '오컬트', '헌터물', '이능력배틀물', '인외존재', '다크히어로', '동물', '걸크러시', '다크판타지']"
SUNDAY,죽음을 희망합니다,인멸윤금 / 백하나 / 유예랑,순정,9.75955,15세 이용가,"['로맨스', '힐링', '선결혼후연애', '구원서사', '소설원작']"
SUNDAY,로봇소녀 노이도,잔디롤빵,드라마,9.93708,전체연령가,"['드라마', '청춘', '무심남', '소심녀', '가벼운', '성장물', '무해한', '러블리', '힐링', 'sf', '학원로맨스', '청춘로맨스']"
SUNDAY,방치형 용사 키우기,물고기,개그,9.82027,전체연령가,"['개그', '2024 연재직행열차', '열혈병맛개그', '블랙코미디', '용사', '중년', '병맛', '차원이동', '4차원', '하이퍼리얼리즘', '이세계', '인외존재', '공감성수치']"
SUNDAY,사랑이 나를 부를 때,한 / 희구 / carbo(도효원),순정,9.90272,15세 이용가,"['로맨스', '리얼로맨스', '감성적인', '설렘폭발', '과거', '동양', '재벌남', '능력녀', '소설원작']"
SUNDAY,마피아 내니,Violet Matter / sh00,순정,9.95262,전체연령가,"['로맨스', '서양', '가족', '능력남', '재벌남', '나쁜남자', '능력녀', '액션', '사연녀', '해외작품', '범죄', '러블리', '고자극로맨스', '육아물', '걸크러시', '느와르']"
SUNDAY,헬스던전,도베도베 / 채종,액션,9.74355,전체연령가,"['액션', '사이다', '4차원', '이세계', '먼치킨']"
SUNDAY,재영과 재영 사이,심싹,순정,9.95295,15세 이용가,"['로맨스', '감성적인', '우정', '청춘', '무심남', '짝사랑녀', '타임슬립', '학원로맨스', '학원물', '청춘로맨스', '삼각관계', '까칠남', '감성드라마']"
SUNDAY,킬디스럽!,김찹쌀,액션,9.89638,12세 이용가,"['액션', '청춘', '무심남', '아방녀', '명랑녀', '가벼운', '사연녀', '개그', '러블리', '비밀연애', '계약연애', '힘숨찐', '하이틴', '학원로맨스', '복수극', '까칠남']"
SUNDAY,나혼자 어쩌구,한치 / 서민성,판타지,8.88668,15세 이용가,"['판타지', '현대판타지', '액션아포칼립스', '열혈병맛개그', '액션판타지', '판타지개그', '블랙코미디', '상태창', '이능력', '크리처', '판타지', '가벼운', '고인물', '힘숨찐', '먼치킨']"
SUNDAY,캠퍼스의 로망,이쨍쨍,드라마,9.74522,15세 이용가,"['드라마', '캠퍼스', '햇살남', '로맨스', '스릴러', '복수극', '걸크러시']"
SUNDAY,킬링킬러,아백,액션,9.82628,15세 이용가,"['액션', '자극적인', '시리어스', '현대', '이능력', '판타지', '범죄', '이능력배틀물', '복수극']"
SUNDAY,우리의 공백,조예빈,순정,9.82679,전체연령가,"['로맨스', '감성적인', '학원물', '청춘로맨스', '재회', '구원서사']"
SUNDAY,요괴삼월,이윤희,판타지,9.87794,15세 이용가,"['판타지', '순진남', '러브코미디', '동양풍로맨스', '현대판타지', '현대', '로맨틱코미디', '판타지']"
SUNDAY,구해종 SOS,탐토,순정,9.77342,전체연령가,"['로맨스', '순진남', '청춘', '짝사랑남', '계략남', '로맨틱코미디', '가벼운', '러블리', '폭스남', '하이틴', '학원로맨스', '학원물', '청춘로맨스', '친구>연인', '삼각관계', '걸크러시']"
SUNDAY,밤필드의 아이들 by DARK MOON,HYBE,판타지,9.83582,12세 이용가,"['판타지', '현대', '성장물', '아이돌', '인외존재', '뱀파이어', '다크판타지']"
